Run,Library Name,Virus,HPI,ENSG00000251705,ENSG00000198938,ENSG00000198712,ENSG00000081051,ENSG00000198804,ENSG00000163631,ENSG00000177954,ENSG00000228253,ENSG00000133316,ENSG00000158874,ENSG00000197943,ENSG00000156508,ENSG00000087086,ENSG00000212907,ENSG00000198840,ENSG00000249072,ENSG00000091513,ENSG00000171564,ENSG00000198899,ENSG00000120885,ENSG00000196262,ENSG00000270276,ENSG00000229117,ENSG00000288859,ENSG00000115414,ENSG00000075624,ENSG00000111640,ENSG00000106927,ENSG00000197756,ENSG00000112306,ENSG00000174444,ENSG00000130208,ENSG00000109971,ENSG00000197249,ENSG00000089009,ENSG00000197061,ENSG00000273542,ENSG00000203811,ENSG00000291931,ENSG00000105372,ENSG00000278705,ENSG00000167996,ENSG00000144649,ENSG00000156482,ENSG00000181163,ENSG00000276966,ENSG00000225840,ENSG00000135486,ENSG00000198886,ENSG00000130203,ENSG00000123416,ENSG00000156976,ENSG00000089157,ENSG00000171858,ENSG00000168028,ENSG00000177600,ENSG00000175899,ENSG00000176155,ENSG00000197903,ENSG00000142937,ENSG00000286522,ENSG00000161011,ENSG00000166598,ENSG00000278229,ENSG00000136942,ENSG00000144713,ENSG00000197958,ENSG00000171560,ENSG00000134294,ENSG00000223367,ENSG00000291544,ENSG00000142534,ENSG00000167658,ENSG00000145592,ENSG00000227097,ENSG00000149273,ENSG00000150394,ENSG00000283777,ENSG00000198918,ENSG00000203814,ENSG00000169045,ENSG00000169020,ENSG00000227794,ENSG00000174748,ENSG00000147604,ENSG00000167526,ENSG00000184260,ENSG00000122026,ENSG00000034510,ENSG00000181019,ENSG00000065978,ENSG00000197746,ENSG00000084207,ENSG00000008988,ENSG00000135404,ENSG00000138326,ENSG00000170421,ENSG00000287080,ENSG00000069869,ENSG00000092841
SRR27926886,SFSV121,SFSV,12.0,6506.611569,9411.879507,5437.181548,9145.998817,5348.894888,15507.732379,6017.454085,7009.859495,1777.297327,11976.520653,2239.104214,4954.46551,6201.433381,2323.212553,4891.942301,646.839237,2981.99764,3896.654568,1757.335235,2422.520904,2941.65522,4572.035346,6823.7382210000005,4097.968805,1673.947121,2085.207149,2069.6885,1665.91716,2696.286893,2269.675235,2576.339367,2171.973256,1822.68865,1567.799811,1875.807479,1321.401754,1801.041174,2004.449138,2512.802203,1769.558668,1980.833575,1097.81327,405.949148,1441.36684,2117.928191,1320.812106,31.233277,2568.122094,442.965419,1267.968222,1301.177344,775.38043,2268.1106640000003,1738.470188,1738.652879,1464.443413,1571.066278,208.910698,1663.572261,1400.938339,1620.109434,590.626351,1134.28693,1657.583794,1484.240118,1856.997332,1507.063432,1499.17889,1065.89595,1536.018455,851.657778,1763.505722,2126.089773,1933.2615,1670.919392,1751.449459,223.339217,1392.124711,1310.0729130000002,1637.546463,1391.088004,1409.4820989999998,1518.504657,1530.414705,1211.38086,1740.198957,1066.33713,1382.325641,1495.093689,641.1227739999999,1162.547027,448.691802,829.198296,1858.544834,786.818461,1166.427984,689.739059,1377.528275,437.99988700000006,1142.036639
SRR27926887,RVFVBPL2,Mock,,4851.256129,6611.529435,3547.533096,20580.066143,3745.912001,19096.537479,5457.907208999999,4283.27327,1799.6375340000002,15765.992167,982.766159,8191.894029999999,5614.933099,1661.15733,3725.710591,374.277548,5923.692762,3991.257056,1211.772168,2496.385967,4998.580339,4264.035521,6608.081614000001,2703.602715,1592.019019,3156.428866,3095.005834,2185.981333,3397.94157,2467.075686,3039.081113,3064.76448,2498.168349,1687.701785,2618.3657190000004,1444.639663,1461.779858,2608.352675,2157.091889,2125.009215,1336.945654,1834.78773,264.740547,1445.944068,2360.011795,1514.946405,24.668739,2941.146218,339.504481,1385.325202,1990.143621,600.094376,2153.002837,2118.051743,1558.588282,1686.102842,2146.5984240000003,133.998357,1981.106302,1627.188376,2030.23967,689.859665,1426.230181,1469.462188,1890.781686,1926.045863,1393.278669,1557.852894,791.561797,1837.546405,1651.599196,2012.889412,1884.380422,2322.664326,1995.456146,2096.774569,199.106259,1593.745296,1784.302902,1561.880968,1404.324273,1653.986894,1467.535872,1706.009904,1612.722223,1713.044365,687.068829,1432.339809,2196.836058,1148.215129,855.869985,782.879414,1244.125641,1673.556947,717.826663,1692.306128,1221.756922,1256.70192,299.321777,1669.181723
SRR27926888,RVFVBPL1,Mock,,3228.202973,4720.100267,2773.95104,15640.211993,2574.961571,15973.283286,6634.523718,3764.221372,2721.525985,20755.336834,1711.334582,8270.881141,6689.422916,1113.050819,2750.310216,265.122661,4983.743536,3419.931848,936.355831,2402.365559,6035.929438,4648.491196,7122.599375,3289.644777,1151.749852,3397.092131,3613.525256,1966.466555,3612.942049,2730.233313,3384.6093610000003,3107.857665,2175.336161,1581.78631,3271.982161,2055.80238,2315.979604,2871.071648,2642.266462,2280.97816,1587.915377,1873.021876,201.621447,1645.518803,2695.586844,1920.447713,20.341567,3574.605257,223.947074,1254.104935,2326.494299,452.329228,2546.163726,2044.134509,1666.86828,1789.9449819999998,1491.883558,115.646303,2448.277635,1819.2102970000003,2472.598807,641.65362,1050.606522,2095.750342,2415.786477,2319.01371,1613.759175,1211.088318,652.926921,1970.23737,961.791816,2338.08996,2164.270103,2440.225486,2089.803124,2397.603617,142.188675,1287.493323,1779.954092,1930.030568,1020.683337,1876.952713,1581.542863,2092.407117,1846.386712,1967.241445,839.043125,1611.442864,2523.214397,1194.300025,1041.154633,587.947259,1392.703247,1854.469416,829.786117,1939.094496,1237.083042,1600.698524,205.57791000000003,1881.818039
SRR27926891,RVFV32,RVFV,24.0,2411.836294,4875.034301,2689.929284,17494.086905,2771.584541,16434.144092,6110.557744999999,3224.222254,2679.014614,14500.992474,789.573034,7715.043957999999,6707.017905,1313.510149,2780.480964,162.597196,4993.452253,5032.150555,845.951529,2475.276343,5248.415123,4621.674798,6417.243763,3068.045092,1496.143183,4666.634342,3436.325666,2351.929966,3936.903882,3038.874861,3157.699479,3318.472845,2006.403651,1581.53152,3012.9668,1113.952482,1499.966668,2461.926693,2473.54923,2449.076227,1239.659145,2226.725087,185.661155,1700.547716,2571.204776,1288.493327,28.848833,3392.408315,252.911927,1545.957388,2332.066444,332.201821,2415.597136,2158.423855,1587.393318,1884.490825,1527.27666,102.319842,2181.837471,1787.117949,2055.139442,963.17654,1135.24123,1810.200829,2249.28661,2206.377806,1494.2138670000002,1142.740166,589.392261,2024.748771,1110.274571,2258.408302,1909.002764,2594.737127,2113.560614,2013.670752,128.38044100000002,1486.156745,1801.044593,1512.236377,1168.087654,1751.914239,1597.172312,1885.677868,1877.534718,2053.495582,744.961187,1625.34125,2453.759904,1291.836703,985.085298,679.6498650000001,1598.682018,2012.544862,807.502832,1785.4711080000002,1914.38026,1424.899908,253.032558,2258.732883
SRR27926893,RVFV122,RVFV,12.0,10816.208977,14091.306039,8293.643809,11334.15376,8420.278737,12275.073022,7235.190721000001,10200.683153,2016.90302,8737.096479,4512.3581,4176.022586,8339.026538,3714.460777,7210.735338,637.507617,4255.3614,3797.688189,2862.440207,3761.67484,3039.70264,1309.663705,3999.713037,650.073579,1715.718548,3122.131104,2379.499513,2136.1449780000003,3505.3986660000005,2971.9208280000003,2599.26086,2841.403041,973.612775,1292.767856,1757.444609,616.079489,787.165965,379.167545,3228.331267,2452.302531,429.594444,826.2968269999999,212.301759,2131.599764,2724.59177,347.421672,61.753224,3967.295279,804.567616,1734.611731,1770.300571,583.677928,1865.652668,1329.566672,2733.3412470000003,2046.431268,1556.846843,119.081413,647.043301,1600.753857,943.429543,774.449908,1158.933606,2547.979387,2028.116605,1854.567321,2351.49312,469.151061,967.053447,2026.720278,718.8182370000001,1726.72937,1845.226812,2436.349133,1823.577868,1560.150721,172.993906,1693.628521,1333.623304,609.7096650000001,476.884214,1721.948512,1357.964514,2133.92095,1066.5418089999998,1518.5927909999998,206.768672,2229.316571,769.991805,772.246023,2010.079777,397.307143,862.732969,2236.514238,687.511291,1132.508595,984.884645,406.218374,393.562576,1646.989994
SRR27926894,RVFV121,RVFV,12.0,6322.440685,13207.897938,7705.409505,11583.45682,7443.735456,12901.57712,7461.154007999999,8494.206097,4291.954322,10980.694182,3282.9846700000003,4260.038737000001,8573.911293,3418.177998,7109.059811,1023.458122,4682.462283,4186.186599000001,2289.420077,4140.011801,3222.935475,1175.6662769999998,4238.28383,561.360114,1793.862292,3079.937597,2358.175617,2165.65237,3339.908302,2683.3621460000004,2741.03424,2619.049293,1052.904198,1296.356311,1828.583513,589.936727,681.983839,266.569244,3142.705984,2139.534527,354.521493,705.654232,213.487829,2188.483284,2875.386869,336.208621,76.29553,3977.877631,695.185223,1476.7500099999995,1756.125489,622.791354,1944.457703,1162.279679,2622.5710970000005,1897.950538,1620.72468,143.141823,653.425523,1566.863424,802.875257,627.2220639999999,1234.325063,2699.503836,2190.089858,2051.157641,2346.100171,535.661184,1045.485299,2007.255786,866.1476660000001,1831.727495,2149.910576,2348.666306,1844.859598,1580.322563,152.187642,1695.632073,1296.520007,566.95257,467.713286,1809.312313,1261.634606,2210.835288,1113.5268660000002,1424.065591,184.134033,2353.4855350000003,771.522522,782.683841,2072.606866,421.56413,819.1331060000001,2205.0823840000003,801.614201,1148.7559,1007.878394,371.681254,398.889388,1683.14615
SRR27926895,EBOVBPL2,Mock,,5289.300041,8151.710931,4500.299997,22262.993739,4159.861602,20491.536525,5560.176485,3507.267849,3272.359567,15174.584883,2045.701446,8352.294222999999,4675.433644,1468.996954,3327.39179,427.245054,5687.04545,3366.756207,1004.228438,2827.47335,4026.785505,3502.274976,5994.548285,2260.228116,2013.487773,2479.58097,2503.436659,2716.711409,3554.927837,2337.177831,3200.715776,3053.693901,2464.024837,1487.241648,2589.764056,1201.916152,1516.396076,2155.64935,1973.423989,2109.295142,1129.250532,2010.307446,313.356639,1561.270518,2125.689783,1287.630203,23.203671,2647.039188,275.736285,1923.087741,1452.541693,636.676724,2118.539799,2034.062769,1344.781986,1664.260372,2388.63918,158.485149,1501.806511,1659.4806590000003,1635.369972,961.876016,1211.171145,1642.078816,1732.5886810000002,1901.084933,1392.250886,1299.385224,986.033847,1939.165643,1417.776293,1784.274147,2031.800012,2408.37015,1726.602156,2174.591598,174.512293,1695.641658,1535.884685,1293.13149,1720.835474,1418.390526,1641.583218,1655.344926,1598.170388,1742.00779,595.009773,1323.998587,1868.181086,1342.665092,622.110977,1012.819721,1282.508369,1531.25365,1106.257482,1635.509236,949.010466,1098.180869,322.452997,1354.33722
SRR27926896,RVFV241,RVFV,24.0,8851.221948,11462.387741,10912.80768,7697.86731,10884.744073,11158.298604,7808.812083,7147.891834,2629.014409,7820.664565999999,7246.961582999999,3057.671607,8416.769021,3315.717673,5753.968533,1857.596223,2844.833963,2898.062151,2316.453587,4763.396443,2373.938328,566.850742,4231.56647,341.013258,1407.173641,2435.429218,1956.9736390000005,1669.294261,3133.046256,2345.291765,2425.528766,2608.549042,724.1874290000001,961.396959,1734.3193689999998,307.596277,366.365357,117.091559,3486.764912,1926.388045,180.76195,820.578486,246.025242,2651.437202,2731.331341,192.478006,77.106989,4229.244971,1025.4705,1253.053834,1301.346905,983.308265,1632.862057,1016.749759,3188.408963,1801.147707,1620.191891,203.696497,451.464816,1413.606793,495.604103,900.912838,926.182945,3276.317699,1980.560259,1922.650072,2536.779456,269.469462,1510.248273,1926.137578,556.87523,1691.534263,2556.410404,2301.21442,1689.017082,1369.993272,155.410935,1419.327468,1085.554689,297.249585,611.388416,1976.927392,1200.838512,2272.504375,864.156242,1197.194257,127.445539,2824.354191,429.036741,582.901167,2377.305088,316.101816,653.949446,2096.589965,746.956248,949.901752,1032.105115,159.402097,463.524085,1676.653722
SRR27926897,RSVBPL2,Mock,,2652.653087,11576.165745,5948.113556,26185.049136,5691.855199,23854.751966,4817.8454520000005,6190.727204,3281.696297,14542.6514,1564.595917,6238.510996,3791.018635,2069.990318,5671.04885,492.484896,7161.777687,5686.1368,1830.408697,3654.509453,3708.086697,3029.54809,5653.08356,2073.895786,1979.386771,2597.876107,2479.15133,2620.559804,2999.961269,1958.969622,2477.348246,2765.402979,2370.413871,2023.923352,2238.9687980000003,858.121096,1315.054676,1811.519842,1704.016457,1661.564024,936.834893,1096.097582,379.676695,1331.714807,2021.482117,1248.709749,24.49999,2481.873533,434.462407,1724.695503,1453.91453,729.490908,1649.116349,1828.696957,1183.5695,1302.78268,2429.625512,227.583467,1562.017417,1240.575307,1379.583938,558.5887640000001,1734.808797,1304.568937,1530.4939969999998,1611.132428,1050.123982,1882.428317,1025.174696,1498.2415050000002,1597.760256,1617.56801,1794.521859,2085.906101,1530.080717,1690.21444,255.121934,2044.123141,1200.510606,1095.70786,2183.200879,1513.999634,1456.65638,1399.124809,1322.578188,1102.37103,513.417874,1122.991117,1860.143377,887.872506,592.520054,1010.700052,1137.243243,1388.349524,985.914221,1341.79894,1122.481406,1111.129775,403.733951,1407.111138
SRR27926898,RSVBPL1,Mock,,4862.349639,10696.940464,5459.634025,25350.577931,5625.879757,25730.870691,4976.14224,6530.532128,4491.8044230000005,18740.333977,1771.145165,6029.157033,4095.443023,2129.654221,5464.605127,744.99505,7175.852931,5519.495395,1799.415899,3714.606387,3964.880696,3520.969025,6279.908974,2256.842824,1959.44053,2618.464862,2452.434832,2687.544778,3009.618882,1841.57758,2584.672777,2795.547555,2218.533693,2254.661256,2176.5377200000003,989.256943,1601.455494,2150.706714,1813.232073,1737.530026,1020.029471,1692.028907,316.278904,1356.883497,1962.429985,1302.494206,28.221826,2461.051364,420.523733,2010.76617,1541.912473,632.989404,1796.772365,1877.331055,1156.706099,1383.208262,2648.022904,146.855525,1661.555228,1305.401226,1541.514345,735.060694,1795.4447159999995,1395.569106,1636.9747450000002,1736.596591,1095.958406,1768.169943,1035.26506,1473.7763590000002,1614.3521010000002,1705.298846,2233.334814,2044.352317,1414.753081,1866.956493,225.556641,2387.406272,1347.327731,1226.894541,1642.616958,1479.5454679999998,1779.0092579999998,1442.179687,1300.726447,1373.494444,651.220013,1088.765806,1948.539694,822.637727,683.867077,1033.836057,1146.83585,1346.760472,1259.515216,1476.654819,1042.245823,1182.683971,324.756819,1337.471031
SRR27926903,RSV242,RSV,24.0,4063.679787,18779.371249,10026.622972,23198.124219,7801.35913,14202.210757,2453.469981,9569.144796,5684.748298,10010.505564,3213.462852,3991.746867,1285.07908,3430.075603,9281.064598,1902.10556,6154.752859,7477.390471,2804.183868,7273.157838,1782.186699,1217.428874,2478.296367,1052.953048,5841.00902,2026.136138,1402.049403,3724.942267,1426.190218,922.397984,1347.75923,2638.729988,1343.089339,3423.894188,1044.382938,388.004235,557.568945,666.083266,637.05277,801.883426,452.764199,879.214518,498.776587,804.926743,761.823226,525.73613,348.517705,1250.085127,713.383326,2797.971863,778.7287620000001,630.8698919999999,820.3723,1117.634212,540.751164,687.057248,2791.098069,265.431629,673.497143,624.9734060000001,582.95885,888.205065,2511.070948,548.923679,728.112925,717.824288,501.102055,2212.626047,3068.196916,651.925924,1510.437399,879.1318699999999,1401.451633,1233.4341399999998,829.086856,867.6436749999999,387.548936,2184.00076,694.723571,301.517914,2331.651297,726.0081829999999,739.590407,718.2042710000001,577.737111,511.193714,242.230928,558.952126,2011.401756,618.414854,281.750574,2143.342819,951.318329,690.434313,1859.202206,591.064094,1956.818128,573.75639,547.27815,1343.530315
SRR27926904,RSV241,RSV,24.0,5316.617733,15635.275266,8566.127063,21376.170041,7043.86229,13582.876091,2576.208891,10946.295181,5049.564096,13643.719787,3776.821231,4019.709536,1246.216511,3237.240351,7240.702188,1701.412595,5830.61693,8270.761215999999,2757.543716,7706.774007,1929.497016,1063.155888,2524.390464,967.34076,5543.800251,2138.108471,1396.0533589999998,3964.302575,1558.485401,942.432359,1304.423462,2193.83004,1226.740195,4004.872791,1171.605769,366.981975,582.161426,695.809212,615.537417,880.680339,391.116791,1113.357968,495.8974730000001,787.910881,776.1325420000001,463.139981,35.450288,1249.658351,732.796996,3384.3579740000005,766.090323,529.474226,753.181068,1041.828483,487.487681,711.066017,2490.200689,303.434344,618.882232,621.555292,511.199576,1180.493663,2637.489868,637.5050669999999,768.1424109999999,753.1927619999999,494.493104,2191.889523,3092.027914,662.4974189999999,1370.045479,881.752709,1372.678249,1194.252689,927.823892,909.10509,353.059438,2700.730086,772.6971480000001,246.557972,2015.704733,769.03141,826.318694,772.523514,663.144301,546.941116,212.752857,573.570488,2167.697252,603.15346,330.604997,2121.289758,943.880758,724.282311,2703.034119,678.231134,1806.751056,432.270068,577.795627,1366.367774
SRR27926905,RSV122,RSV,12.0,3720.999466,9038.285687,4442.944375,21230.721074,4322.260941,14087.014663,3778.031956,4008.687347,2178.023878,10531.978815,1681.304032,5736.905162,2469.446695,1842.706713,4811.745458,5375.676872,5642.525841,6290.708026,1231.426395,4534.115486,2878.474741,2778.589928,3559.219278,2488.214383,3454.66518,3203.497363,2119.369728,2825.281546,2424.123547,1484.419419,2057.584636,2514.632005,2870.279943,2446.030995,1809.09902,912.233183,1384.50845,1760.571911,1193.13715,1377.188738,931.827471,1182.492697,364.630936,1194.6469140000002,1380.120978,852.914365,8418.585077,1836.89844,377.115182,1880.362246,1553.196453,693.446219,1321.136704,1518.461775,934.456663,1089.291975,1844.309418,212.367704,1326.593994,985.69362,1426.543394,1001.789601,2222.598297,979.187793,1180.7311129999998,1243.663101,911.51521,1473.981883,1859.469312,1070.333458,1659.1236250000002,1265.627063,1609.047111,1646.599984,978.022616,1325.967611,246.491485,2087.916974,1015.282964,634.3570579999999,1950.748512,1087.208795,925.258458,1025.387879,1071.431462,887.810161,491.363859,925.499677,2240.003742,812.677641,499.750589,1320.936417,1331.70543,1109.1099379999998,1370.578436,1027.477529,2262.263239,1279.848603,484.671222,1615.868819
SRR27926906,EBOVBPL1,Mock,,3516.602966,6387.408893,3996.340096,20743.409281,3521.804039,19040.0457,5916.379769,4653.066702,2754.134619,14217.095895,1596.0564889999998,8151.32031,4987.106067,1316.648132,4275.156192,315.408835,6422.594398,4025.508216,1211.613476,2540.964864,4974.244054,4334.8647710000005,6375.053708,3102.007261,1574.589849,3006.114163,3153.446261,2228.3534360000003,3729.377486,2687.859287,3301.30603,3338.080695,2121.605916,1618.0270810000002,2750.066018,1561.882415,2082.31165,2822.230085,2110.105699,2053.167919,1434.723979,1703.136816,248.227057,1593.858975,2369.982638,1543.71732,19.8484,2675.183535,243.009307,1419.8769679999998,1888.400247,546.755716,2266.585115,2245.473802,1511.471502,1741.1862580000002,1913.258315,135.89922800000002,1980.136293,1704.647949,2250.996927,598.233885,1172.567716,1617.2754240000002,1838.574315,1902.504881,1240.7651770000002,1540.545539,773.820279,1882.114627,1246.421506,1909.7150440000005,1880.428423,2367.519356,2211.562592,1968.442158,163.057151,1473.579012,1719.04538,1530.86382,1523.276661,1607.201863,1483.633753,1796.119114,1601.2803680000002,1637.65425,759.905998,1379.547835,1759.623613,1143.601788,794.125377,753.879965,1212.722238,1658.684642,892.645902,1634.235731,1110.6406960000002,1471.39107,252.755622,1543.560448
SRR27926907,NiVBPL2,Mock,,3151.588915,10703.125614,5864.800975,26738.485418,5817.177191,27326.084915,3944.79401,5848.363779,3278.4136980000003,17542.694441,1751.141027,5589.829068,3593.322116,2442.967807,5153.046306,752.041069,8463.414911,4258.741527,1834.649376,4178.49738,3286.931908,2532.568055,4572.970176,1835.875643,2767.552903,2256.59981,2168.064601,3065.727205,2466.352402,1618.470505,2037.046109,2914.5121910000003,1920.074369,2446.355101,1845.021127,858.669088,1058.909799,1785.62454,1474.432155,1380.037396,829.923587,1536.921191,461.69114,1187.3774979999998,1550.530339,975.898542,31.478807,1957.305156,521.203797,2475.153893,1248.6307519999998,735.943027,1651.490824,1704.282393,1115.141987,1194.515852,3335.395617,246.386861,1315.941953,1126.3656999999998,1313.5625,672.534639,1661.618528,1005.177605,1289.74003,1365.600347,985.91608,1993.113894,1143.146243,1358.733884,2313.975812,1422.678347,1285.494564,1677.483734,1381.304497,1519.357911,305.676113,1792.187083,1091.5015870000002,892.531357,1978.285538,1164.920707,1222.809437,1183.235024,1105.821872,1207.4782389999998,489.251763,992.269504,1562.748993,906.335888,520.442977,1219.143006,957.706338,1090.669388,984.310718,1194.915282,734.774768,905.565524,588.083513,1186.092988
SRR27926908,NiVBPL1,Mock,,8162.352585,9118.553593,5232.718077,21359.900015,4841.789588,23824.882402,4992.496275,5831.751267,5598.259443,16066.553968,2297.121743,7094.558934999999,4751.566669,1973.669285,4343.211458,676.073459,7024.097836,3569.435391,1589.095082,3315.350124,4152.610619,3294.685966,5667.530242,2306.324918,2352.123201,2815.03982,2748.541293,2522.022475,2985.818611,2085.15963,2637.977176,2915.409388,2337.875186,2015.043088,2209.77139,1266.282239,1534.665156,2210.358703,1810.252764,1708.025354,1076.339309,2094.050549,333.701751,1351.75523,1987.413025,1426.854121,28.945437,2678.748259,380.950464,1873.255856,1553.387615,632.8394099999999,1909.52343,1982.65241,1260.834747,1428.382556,2826.788,142.768679,1650.446677,1392.192213,1707.533792,756.021095,1404.7462429999998,1352.217626,1628.966165,1671.4281809999998,1177.294567,1519.774274,926.462771,1634.970558,1951.100862,1760.151213,1876.896593,2007.413596,1452.155228,1894.570897,209.320675,1733.360944,1415.987927,1251.750695,1609.82192,1431.695707,1466.3965,1441.828172,1292.121784,1490.007515,611.249227,1200.57199,2088.130827,1130.042978,720.777071,1080.24557,1200.154464,1330.221972,773.65875,1523.47436,1011.48768,1159.200093,355.05836,1476.23835
SRR27926909,RSV121,RSV,12.0,3034.063965,12424.04045,6546.076172,21248.712256,6259.573167,15770.41067,4375.973738,7822.029591,3687.973396,21475.664198,2118.612629,5342.250599999999,2602.652825,2503.062049,5118.693872,1051.880361,5138.032602,7036.018225,2056.05791,5471.988796,3444.602653,2838.8219,4555.160745,2228.44416,2996.704276,3184.316521,2207.595576,2822.076558,2609.045875,1322.148184,2208.397798,3075.562778,2834.98878,2856.947505,1505.224871,811.128273,1388.854189,1590.938906,1310.110649,1403.785696,881.915685,1611.749631,345.626682,1302.471432,1415.667925,958.078182,32.497912,1748.253154,542.662721,2122.198182,1738.353261,572.815751,1392.7675769999998,1410.396592,865.95382,1158.828826,1778.961577,256.862673,1368.382668,1024.757055,1304.870501,1035.614355,2368.904259,1218.244632,1505.079629,1425.22094,979.386112,1362.01122,1757.498746,1086.673282,1197.125549,1503.685206,2357.00612,1884.313392,789.867464,1555.7551050000002,227.415095,2368.118383,1047.0431,720.299492,1800.77237,1198.654654,1206.11406,1142.894247,1117.459469,982.936695,631.712483,908.558308,2787.128956,780.456336,597.2665589999999,1199.496204,1363.298182,1228.3536170000002,1745.372118,1266.615984,2433.566706,1389.150707,503.087802,1693.7453349999998
SRR27926914,NiV241,NiV,24.0,7847.567926,15941.247137,10919.887116,13509.682802,9944.024406,10272.526586,4313.435668,8890.956166,3452.665922,12435.163875,2275.422196,5685.716421,5648.872167,3909.400571,6068.047723,1483.279586,3882.977548,2766.2612870000003,2809.471618,2917.5082310000003,3418.082227,999.141108,3499.808254,922.508864,1807.953175,1702.05598,2066.646207,2636.50657,2439.179747,1978.089582,2184.036562,1701.955547,2584.639279,1493.306738,2248.799125,849.032784,568.428365,717.010124,1701.86973,2004.520286,410.943024,3580.685151,936.276074,1339.499415,1386.16301,593.766437,45.336596,2779.011983,945.241144,2055.953263,935.24193,544.377868,1963.600742,1493.81614,1281.476718,1253.2026930000002,1985.671507,322.771013,700.997345,1303.051319,769.317538,1639.876441,1235.822606,1376.1040790000002,1308.252889,1446.187689,1090.773785,683.025857,1742.427958,1345.608758,1223.263201,1733.272716,1675.797228,1803.200147,1417.225792,1546.256538,549.872695,1445.332319,1195.018231,367.07743,1680.533967,982.006053,1235.314009,1309.845647,1163.127198,1235.091204,233.475794,1180.089856,2024.122036,889.316208,690.905533,1101.907555,1271.230982,1330.4692120000002,1346.93349,1322.468121,972.391786,348.948321,1422.235598,1115.974126
SRR27926915,NiV122,NiV,12.0,5034.473042,6912.314775,4416.301803,19090.325754,3733.062718,16091.488807,4982.308498,4113.841438,4103.712544,13020.240252,2182.267006,7756.936566,5940.480102,1771.048155,4077.082614,407.995624,4666.30073,3970.171842,1203.271415,3253.811202,4149.2855,3174.392968,4909.480716,2188.185715,2185.515753,3224.0643330000003,2729.9496390000004,2731.280592,3144.643386,2415.955566,2589.581519,2705.4588740000004,2885.65614,1934.712005,2428.254054,1282.197152,1559.621943,1935.819335,2029.695673,2027.394777,975.376543,3147.982864,400.045688,1372.130232,1750.652929,1197.649663,30.883032,2404.424962,306.888515,1840.840696,1684.20724,471.24843,2124.492181,1964.572633,1410.76585,1443.616965,2043.544997,195.668294,1515.410389,1526.539752,1728.724866,1894.94706,1785.971176,1373.564842,1660.103843,1727.627405,1252.3536,1208.816863,1367.981799,1695.6149879999998,1846.72259,1871.674797,1822.658427,2049.795883,1807.672616,1850.764468,262.010133,1819.167456,1345.747124,1002.516529,1500.520527,1199.7991069999998,1264.669322,1548.641575,1520.58654,1577.195976,478.211364,1236.058288,2023.118354,1205.393799,740.307405,1052.345543,1581.6569849999998,1452.880413,1107.229753,1451.282388,1501.694686,1028.587968,456.983385,1814.774376
SRR27926916,NiV121,NiV,12.0,4612.465627,10390.503538,6396.617131,19193.081523,5660.819571,16577.714402,4606.2883010000005,6530.800682,1332.717616,13809.126487,1180.326233,5940.345271,5061.684349,2319.334796,4486.340316,745.49058,4902.712495,3766.668525,1746.511428,3547.632451,3712.900358,2552.301205,4296.757844,1789.177908,2609.66745,2607.37385,2220.546437,2658.132209,2655.638015,2005.893151,2246.496043,2525.829149,2669.0963810000003,1965.997329,2246.337337,1076.233325,1104.854651,1430.463949,1684.7059889999998,1867.77621,776.623815,2749.483677,635.500066,1247.40388,1495.596217,1073.335623,40.038497,2330.605388,483.651151,1648.100839,1357.380861,490.65051,1829.043783,1708.053377,1233.006805,1321.504654,2162.458911,298.593718,1355.914397,1272.32161,1315.403773,1732.422624,1796.798798,1365.649327,1484.272731,1507.440029,1109.131822,1136.428675,1408.696863,1462.855422,2193.457137,1602.036444,1442.09481,1954.491336,1612.951741,1752.674871,373.420888,1702.157097,1275.742211,852.854959,1934.782548,1226.74843,1141.593162,1330.9652,1322.899655,1262.180197,446.235089,1149.383685,1866.251158,1016.577649,636.590208,1045.837862,1333.7877509999998,1436.817788,1004.81239,1373.818162,1350.438977,869.341989,943.522067,1529.526637
SRR27926917,NiV242,NiV,24.0,7344.069706,12749.867405,9176.5878,15127.457825,8051.167039,11259.77086,4984.905973,6942.306156,2694.59871,15713.631566,2544.981368,6956.741818,6739.812634,3118.644802,5564.276578,1245.324908,4104.51821,3300.295249,2485.144256,3479.490312,4288.332113,1496.813969,3823.523463,1371.333996,1627.365991,2230.547817,2522.882313,2751.72357,2882.287725,2483.101761,2724.001997,1841.445031,3092.400603,1690.53955,2507.191517,1119.137258,793.954561,1090.132809,2147.564193,2094.95261,593.09248,3817.918622,563.70921,1497.073236,1870.893179,763.872964,37.381678,2438.770952,749.742179,2255.853411,1214.45845,469.926135,2109.371134,1653.8667309999998,1407.8903759999998,1472.753846,2036.753381,214.904019,993.361705,1541.769202,1192.574793,1623.73988,1328.551338,1483.1054789999998,1569.731146,1689.512213,1310.1068530000002,800.1429929999999,1441.929981,1541.038476,1149.58573,2021.230753,1625.92524,2084.770457,1687.243781,1841.61172,359.932993,1686.055601,1436.642785,571.0171780000001,1332.750726,1075.266487,1046.44482,1623.647212,1478.833764,1561.577935,339.882571,1353.030001,2259.079519,1124.202161,863.122321,1100.76428,1530.204428,1454.485122,1366.696642,1524.395012,1127.386213,544.540826,722.2585389999999,1375.167884
SRR27926919,MockBPL4,Mock,,3811.020323,6546.482515,4138.320201,18398.355691,4138.2581,18525.887199,6033.973349,4766.095847,2178.682761,14651.280181,1341.9147119999998,7296.742458,5506.535785,1514.145905,2948.643407,348.757731,5521.872363,4177.890736,1320.609482,2419.914352,5045.463386,5115.372539,5891.064563,3384.720772,1534.394242,3174.359319,3193.531718,2240.318048,3217.536442,2686.092468,3025.097886,2876.025239,2155.174714,1672.271219,2821.282024,1486.241716,2359.205353,3122.829344,2308.926682,2169.096139,1409.236859,1673.328071,265.265922,1575.069327,2273.458856,1754.548732,243.283979,3203.123097,337.944919,1519.496501,1914.569812,511.142594,2416.536613,1965.407942,1583.491796,1727.701652,1683.528797,152.65218900000002,2375.515119,1706.869431,2548.182363,704.4832640000001,1028.19173,1780.845451,2114.076117,2024.934284,1352.974759,1530.353382,655.170528,1885.016408,1265.290813,2084.932244,2066.771244,2154.034237,2121.46675,2056.025747,174.340034,1404.6325430000002,1584.497102,1799.624139,1300.083719,1621.100328,1591.908093,1805.075662,1594.867185,1822.019242,807.098426,1400.899222,1815.823432,1140.073527,855.289098,684.281938,1350.493573,1673.12469,623.009958,1561.943536,1298.4060849999998,1562.428864,330.524162,1712.794332
SRR27926920,MockBPL3,Mock,,3345.477225,6831.898684,4147.588795,17066.213037,4139.062314,17003.073242,5757.16166,4455.974426,2312.615796,17537.447234,1435.080646,7658.527077,5479.360151,1331.82112,2669.068867,889.935052,5394.312895,3863.733454,1132.376068,2513.8357,4973.150827,5062.84155,6013.29171,3344.097613,1424.666387,2987.830772,3152.431648,1989.19454,3138.6515870000003,2510.240448,3226.275272,2601.3786950000003,2161.5117360000004,1505.7967250000002,2866.818406,1669.062458,2224.353556,2997.410147,2224.766169,1906.030746,1544.187774,1706.6584300000002,279.02722900000003,1538.321399,2609.772507,1937.65389,2666.673156,3230.634957,311.627921,1242.202129,2011.456821,540.067413,2313.522551,1763.80141,1560.046748,1594.0481180000002,1663.1284839999998,151.260529,2285.632661,1577.593682,2479.309423,563.15205,1092.190898,1711.790277,2018.075323,2019.499622,1330.652292,1473.007734,675.808805,1793.265988,1250.462277,2043.043736,2059.480062,2233.846553,1770.569522,1974.744056,179.411119,1264.787803,1467.4439550000002,1838.812507,1391.945941,1542.73153,1636.399598,1733.924277,1671.3842519999998,1699.641576,850.291428,1493.711916,1845.395789,1179.425166,955.477663,654.67162,1249.303926,1765.864607,762.998484,1718.121347,1206.347161,1672.046637,310.30544,1669.24938
SRR27926921,Mock64,Mock,,2718.869219,6720.706461,4346.522648,17753.971338,4250.073942,16797.800507,5905.872071,4523.302864,745.2286359999999,13565.367734,1171.230445,7322.507032,6281.510111,1607.48334,3036.327421,439.116183,4671.431227,4715.630897999999,1326.842821,2495.293586,4999.728354,6292.86152,6128.761867,4028.278651,1708.987478,4588.012863,3369.424286,2318.76627,3324.433579,2681.680248,3090.279133,3057.39757,1908.962476,1628.391092,2932.691502,1453.934577,2726.931357,3581.612487,2578.395583,2326.20722,1527.466896,1926.300096,267.81088,1557.590815,2361.877953,1844.381231,36.359741,3295.277668,389.654612,1330.530835,2304.912488,431.453528,2414.855749,2090.83232,1569.701427,1756.879053,1433.6416680000002,138.329901,2901.919305,1716.688815,2944.02856,749.665557,996.966329,1679.438768,2225.092872,2202.307765,1384.072612,1279.730224,728.035014,1815.062939,1351.3101809999998,2184.468387,2340.551159,2246.508302,2003.874719,1951.348549,175.317516,1334.301724,1587.82366,2044.574388,959.957819,1646.1413,1365.982268,1903.254815,1683.6929759999998,1794.24133,1027.339111,1435.746151,2139.702982,1142.20527,851.4887,687.032414,1613.113606,1775.2715910000002,850.8986970000001,1594.86711,1865.05418,1950.327381,325.120216,1971.491849
SRR27926922,Mock34,Mock,,5148.013478,7659.959557,4622.085112,18715.955941,4455.037936,15652.906997,5371.4985480000005,6808.59795,1645.753931,12524.923247,781.376638,7286.985457999999,5274.573242,2083.010827,4794.304299,745.065168,5027.765209,4972.507586,1754.151939,2729.093759,4728.184744,5275.535653,5536.667023,3685.427312,1677.451459,4147.360044999999,3014.35619,2199.8514210000003,3204.798169,2508.813629,3050.388017,2681.514886,1700.443434,1723.626475,2694.666587,1229.51547,2072.425993,3341.913225,2174.239194,1831.218361,1502.337496,2263.570186,324.513997,1514.778447,2524.544532,1855.472889,36.389197,3568.2792440000003,432.170414,1366.186078,2033.452243,512.628319,2127.3629220000003,1673.688552,1470.592682,1567.727176,1576.662666,149.28984,2536.535455,1499.775613,2559.538,870.119391,1153.778252,1567.592039,1844.019984,1891.933125,1257.677356,1420.033473,837.395038,1674.083549,1268.149553,1914.883494,2122.093605,2220.065593,1390.798257,1828.075128,169.668474,1304.217216,1479.774091,1787.340053,1538.735151,1333.078257,1540.011193,1674.304034,1648.6106020000002,1605.890711,925.363725,1372.296665,1787.512881,1104.256542,870.051884,734.460941,1353.426639,1687.1624000000002,967.92301,1552.059841,1725.770718,1748.529096,359.07905000000005,1776.050457
SRR27926923,Mock33,Mock,,2659.544495,6667.375112,3892.942924,17915.621139000003,3693.198998,16502.172864,5931.470339,3734.686945,1171.132899,18657.607507,924.661121,7354.849917,6551.283781,1654.306877,2944.708098,426.562271,4729.9383450000005,4747.825279,1176.94627,2544.294378,5185.314395,5810.304945000001,6253.460749000001,3732.878098,1624.596294,4334.681477,3273.5266810000003,2227.546355,3267.892003,2566.54376,3212.788211,2592.291521,1724.418868,1558.313743,2929.781575,1252.953601,2288.936678,3014.515926,2354.88396,2128.805822,1508.922505,1838.295022,300.781894,1610.4571050000002,2607.516875,1880.78437,201.213291,3141.977443,347.422016,1195.2290870000002,2266.894351,478.59614,2372.143699,1640.6192239999998,1496.6035940000002,1737.6466349999998,1476.150886,161.612569,2835.545974,1628.2528590000002,2685.365615,724.834764,1057.5710860000002,1971.454655,2312.053948,2172.600402,1385.239979,1421.029609,767.40106,1752.673092,1334.569061,2156.709758,2003.63742,2320.086316,1560.255623,1934.836711,174.347287,1243.511554,1460.45326,1976.639379,1300.431822,1548.0470530000002,1583.051254,1805.42913,1686.131974,1622.853862,998.26562,1520.507555,2107.518418,1208.2755,917.04371,669.395467,1489.439698,1759.8828729999998,838.622891,1728.779617,1736.858938,1955.420483,372.247001,1836.868914
SRR27926924,Mock244,Mock,,4848.073694,7593.480626,4894.007822,19908.549961,4750.952689,19465.797854,5774.144158,5615.163615,3437.633121,16004.660076,1388.3244949999998,7012.917805,5665.102463,1749.302969,3295.234601,1009.470259,5751.131691,4628.844349,1575.349315,2633.534076,4664.816938999999,4914.110081,5862.514804,3158.761548,1663.241294,3249.763409,3037.272327,2334.237187,3122.900916,2402.582748,2872.622206,2286.161153,2155.688171,1809.38583,2637.501426,1322.820719,2128.861108,2995.765644,2332.361359,2032.150532,1336.388218,1949.304443,291.489657,1550.515855,2186.40555,1656.159005,40.177082,3058.30676,410.276197,1557.744796,1941.26586,503.191731,2358.104608,1850.434493,1502.3543759999998,1617.719444,1796.583571,161.28052699999998,2231.81249,1535.111503,2368.259112,742.9949300000001,1096.489448,1650.525214,1997.741391,2023.55345,1299.737273,1641.739549,670.9697,1751.38516,1502.313987,2022.386325,1656.846116,2077.709119,2051.621406,1900.668199,187.907708,1559.616476,1437.973089,1820.649029,1287.780689,1450.605522,1460.924522,1719.244412,1532.2132299999998,1752.789824,804.050313,1332.997618,1801.669678,1036.367829,829.0813430000001,731.550295,1341.092557,1627.2844730000002,675.430922,1486.253803,1291.897729,1524.209208,363.947242,1608.623964
SRR27926925,Mock63,Mock,,1844.39189,5373.8108,3148.141535,16930.150545,3250.409874,16099.614807999998,5688.929785,2976.309461,4553.071393,15994.916998,1191.777962,7636.277861,6485.195748,1226.508664,2287.762612,1961.532603,4446.978875,4802.461658,877.877117,2500.051053,4957.013596,5736.203181,5931.488918,3787.250839,1550.311263,4326.894619,3305.979698,2160.14437,3237.8812350000003,2506.389865,3277.966137,2384.458559,1997.160521,1555.467051,3029.641312,1320.439345,2394.032886,3185.397774,2361.045864,1896.359101,1579.705697,2172.178278,262.681142,1600.296327,2623.210604,1915.310705,5291.768177,3108.49131,271.00255,1316.147105,2360.688259,452.64197,2389.580926,1411.248538,1542.4782999999998,1670.668933,1301.167098,129.31343800000002,2717.234796,1583.654586,2758.198142,889.3998690000001,1046.946046,1786.261897,2019.534691,2045.5445,1362.559627,1361.455075,768.670276,1706.63582,1181.655523,2067.271966,1756.04629,2283.355218,1458.45955,1729.009358,146.112843,1280.178858,1290.044161,1947.501729,1137.757699,1476.030323,1519.517785,1757.7624059999998,1697.67904,1823.989726,1016.570179,1486.726923,1939.981978,1285.596054,1005.264137,615.538366,1433.518224,1709.195397,832.775832,1674.452193,1774.141059,1943.066224,334.942798,1915.641955
SRR27926926,Mock243,Mock,,3063.475332,6905.811104,4350.354177,18020.883952,4195.637173,17553.862136,5572.7764,5038.26628,1704.619213,15587.28812,1206.255732,7290.70684,5638.70379,1561.659207,2985.633277,299.566881,5609.3358530000005,4138.450452,1230.214752,2625.309543,4690.508783,5334.374559,5576.429901,3471.178553,1595.015658,3024.564214,2955.599708,2098.370897,3116.523479,2546.506955,3034.524955,2598.420004,2173.17302,1640.11407,2610.192836,1637.795042,2240.376386,3091.505644,2186.1067730000004,1925.120666,1576.549279,1477.340828,293.190756,1502.073231,2474.296103,2010.933414,78.710971,3191.683614,336.199327,1222.078698,1888.302392,545.804395,2290.038737,1793.321453,1513.582171,1576.478109,1738.872129,154.914006,2461.879205,1477.25802,2600.690211,611.7540369999999,1104.299839,1783.736991,1960.37689,1913.798794,1301.78245,1566.805442,684.872985,1742.128606,1514.163264,1934.549797,2155.0601,2187.389229,1654.707751,1921.362756,158.710369,1251.541626,1450.9189190000002,1966.622473,1428.369848,1602.121037,1600.946869,1697.005198,1594.055473,1614.395926,886.730226,1496.7943300000002,1747.342204,1116.650017,942.598489,671.489767,1235.877574,1690.506495,802.192804,1569.022635,1293.609741,1762.140689,351.417775,1613.974873
SRR27926927,Mock124,Mock,,4062.174348,6392.518186,4039.988477,19207.548242,3834.57802,18801.005789,5836.0622,4125.565897,1222.69573,14418.68435,1417.727696,7227.11599,6367.539739,1542.511797,3112.745244,416.601533,5147.53935,4887.425224,1240.848299,2788.218608,4903.0615,5147.666947,5918.351639,3378.354471,1634.820814,3947.883392,3206.796882,2507.278169,3280.787818,2636.792666,2976.075997,2623.640881,2697.124246,1738.357886,2792.785654,1347.962948,2313.088184,3178.36113,2445.422987,2261.27242,1484.545471,2103.815661,264.992216,1562.770162,2167.082457,1604.029823,36.309281,2850.169095,315.935991,1672.611771,2115.451619,448.627477,2401.336583,2077.845435,1533.472296,1753.67203,1479.561989,150.02470000000002,2342.287219,1658.044659,2553.210852,856.2107440000001,1141.728994,1682.919014,2100.424186,2132.450974,1401.105671,1560.471411,823.8163900000001,1805.890429,1289.233606,2084.181263,1985.498035,2232.946691,2213.535473,1960.265435,186.992475,1618.812389,1554.169958,1743.629112,1168.552975,1486.2166880000002,1665.004805,1798.233343,1603.8557849999995,1924.751002,851.517399,1332.126334,1923.88014,1072.167071,819.964837,727.592373,1527.913431,1715.429613,801.3133330000001,1521.53163,1605.09147,1655.053573,332.46534599999995,1805.754036
SRR27926928,Mock123,Mock,,3733.809508,7600.94174,5019.980728,17157.636567,4459.921945,17375.57635,7117.761607,4955.699506,3961.554818,20793.058607,1369.883562,6861.205786,6632.830759,1894.787368,3995.039539,360.451796,4742.567204,4569.066314,1480.500011,2765.778201,5148.925107999999,4942.193195000001,6567.737295,3232.220328,1520.692879,3465.819774,2981.021461,2382.105006,3926.926114,2744.769932,2946.851529,2711.005745,2619.546376,1701.110555,2897.670889,1341.572488,1988.722664,2811.651066,2598.186489,2149.148146,1548.775214,1725.902516,270.81552,1864.30495,2233.275772,1666.057552,46.015071,2455.939124,409.688577,1550.289546,2028.561538,490.246225,2535.966117,2094.037008,1492.220727,1912.472072,1403.941632,134.637731,2298.83421,1583.3578189999998,2529.067471,770.758182,1124.257573,2113.782872,2262.703049,2113.837665,1431.553168,1498.34207,781.857808,1950.285555,1165.881312,2292.185233,1697.442791,2589.5281790000004,2165.21496,1930.421632,181.240027,1347.328793,1519.842968,1747.702126,1186.485458,1762.838301,1654.0204199999998,1781.1019,1633.93106,1778.651896,850.172384,1477.890056,2098.75776,1184.324319,886.0519919999999,708.66738,1588.657885,1983.708035,869.047901,1798.7534059999998,1570.307339,1792.767635,304.912317,1909.434227
SRR27926930,MockBPL1,Mock,,5012.561481,4145.875039,3351.011737,15057.027933,2698.843204,15303.884567,6975.395868,4964.702335,7224.66853,19296.211346,1942.029882,10050.912668,7315.351287,1086.58273,2935.81633,320.078083,5146.961973,2697.0979970000003,1139.187892,2375.896395,6421.665113,5026.829546,6927.690638,3220.586022,753.484226,3402.452583,4135.6037400000005,1989.073592,3921.451713,3403.053509,3568.05786,3268.987457,1791.859965,1868.721704,3475.498141,2471.43248,2591.674753,2941.74464,2825.71916,2442.767523,1850.903488,1957.160951,166.917466,1702.977512,2612.871822,2107.877512,22.85756,3334.602641,246.337881,1036.16098,2274.13365,362.504769,2842.288866,2251.759234,1808.755917,2027.259855,1430.370902,56.379003,2241.884545,2020.400184,2852.246061,512.956861,741.6458160000001,2167.982535,2366.4086650000004,2481.7483730000004,1614.559389,1078.133641,608.159014,2155.974759,449.951349,2465.708615,2086.480579,2677.0527600000005,2319.125315,2393.287504,121.930322,1148.76522,2153.220098,1664.008817,870.6777079999999,2036.056078,1444.284384,2288.742095,1919.998526,1902.604453,792.119269,1703.8054519999998,2351.267761,1462.770588,1193.954788,479.22974,1450.810951,1928.630025,938.83514,2048.776291,1078.264233,1808.436591,168.060786,2036.768821
SRR27926931,Mock62,Mock,,2751.360921,4431.908803,3232.387634,16310.39392,2976.197045,15209.115021,6620.781653000001,2815.85141,1401.9692329999998,14948.4711,1323.797819,8027.442534,8105.825721,1149.610088,2221.009697,271.924127,4040.698723,4089.250875,902.396424,2124.488565,5510.100419,6503.587004,6071.761232,4366.014628,1242.201972,4938.480718000001,3626.197412,2028.443796,3491.275688,3049.891557,3203.237641,2948.7245820000003,2218.817004,1498.7638109999998,3183.020217,1604.780979,3056.161805,3980.167337,2896.3744420000003,2436.735394,1880.53269,3032.089786,180.520676,1621.893313,2339.20036,1982.202769,29.878154,3254.01359,247.6296,1480.2503370000002,2449.028799,371.691837,2794.238076,1930.511261,1732.197442,1998.965152,1137.202193,84.38044800000002,3026.62126,1789.66687,3208.156956,1104.026462,881.7205140000001,1963.947812,2352.1664450000003,2393.508654,1544.529032,1102.1484,741.727368,1966.916537,753.7280460000001,2343.167596,2150.626268,2350.444551,2214.567812,1937.492565,133.561785,1330.606118,1821.70885,2365.264717,722.770334,1738.719403,1688.809533,2006.296626,1789.004523,2200.095191,1061.00759,1518.760356,2271.532805,1280.380797,1031.96773,554.026494,1673.475142,1852.718831,763.817768,1664.949696,2024.122675,2090.542363,225.644177,2195.318259
SRR27926932,Mock61,Mock,,2244.930645,5480.748035,3738.131933,14949.339586,3552.785284,14340.962857,6186.090442000001,4217.075857,2228.841921,17143.591527,1341.903213,8251.085208999999,7494.088078,1198.377616,2301.555247,255.044397,3615.595418,4106.792927,991.197524,2426.844122,5501.472016,5834.098974,6381.871652999999,3870.669338,1205.092458,4544.068877,3451.741523,1882.998245,3302.534955,2838.502586,3388.8596,2463.069918,1978.466528,1419.869882,3207.542171,1738.999011,2700.292323,3339.817098,2485.4682820000003,2155.129727,1774.87793,2147.819028,188.217567,1689.879374,2806.696361,2159.208491,20.494257,3439.764458,257.104156,1060.104342,2469.956219,390.088184,2541.893582,1915.235332,1642.056458,1715.447985,1112.37844,96.322793,2897.488617,1673.212913,2817.024421,704.488614,953.18472,1908.136047,2261.086921,2292.3286510000003,1532.7439370000002,1119.6482669999998,818.382115,1885.385712,860.396712,2297.044545,2083.361151,2367.453898,1805.469669,2026.203831,116.709582,1192.129215,1665.431529,2193.7704620000004,834.285266,1596.674911,1637.646965,1832.418205,1863.022224,1811.014326,1075.662291,1660.851534,2339.172834,1325.788926,1104.102366,555.67111,1478.073542,1921.632531,827.159343,1845.541119,2014.966804,1938.188249,231.090616,2173.541659
SRR27926933,MockBPL2,Mock,,6433.889106,3479.727398,2323.620465,13311.629752,2135.040431,12924.436879,6668.138416,2417.514644,2779.126902,20427.303203,1717.3836660000002,10003.479617,7041.102593,909.735518,1968.439265,133.554298,4280.982291,2432.272444,694.608517,2375.069222,5545.810437,5719.414259,6572.266482,3777.594768,877.408095,3390.08215,4242.110132,2061.285541,3757.090792,3165.131947,3627.914288,3259.037347,1826.914283,1607.484535,3192.709498,2131.433209,2730.434321,3792.426488,2746.713541,2597.383876,2128.514678,2647.442139,163.317827,1681.988033,2362.209582,2059.356678,34.074168,3195.679518,176.35212,1530.8371160000002,2132.3956510000003,326.81502800000004,2741.199805,2071.565329,1747.622547,2116.221138,1487.1622599999998,53.185105,2340.479503,1936.069939,3126.284223,898.4373429999999,706.01118,1925.956047,2200.887435,2404.237751,1608.282439,1042.346067,675.382709,2082.599711,439.536689,2488.833381,2174.6225,2566.061076,2288.542242,2224.526332,126.821491,1090.952678,1901.697461,1914.792185,727.520882,1900.901214,2021.523136,2183.804951,1940.35387,2334.931819,965.671994,1532.336143,2932.400805,1408.592992,1076.923173,558.6634339999999,1637.458945,1893.94054,1018.735387,1798.101492,1328.5404480000002,2059.604249,153.069603,2321.098454
SRR27926934,Mock32,Mock,,3231.445395,5420.233562,4061.883808,15797.437761,3854.817325,15413.677918,6092.210476,4973.803655,1183.50186,15799.397932,1350.7314780000002,7676.461362,7543.188869,1543.987235,2852.918897,375.731905,4145.319868,4403.497835,1387.772643,2338.560612,5374.539874,6980.344229,6079.321341,4595.174186,1362.914918,5049.830516,3588.310813,2066.14889,3274.25685,2885.72089,3043.302174,2605.83311,1701.943209,1513.018379,2991.684044,1528.512451,3085.899848,4052.818287,2670.096743,2343.184002,1902.936195,2479.401458,200.664671,1601.596872,2411.250413,1980.513764,22.694152,3384.388256,347.292667,1310.358097,2388.233128,394.135346,2643.330902,1869.697193,1616.531695,1890.650977,1219.319427,114.715416,3189.867334,1730.057863,3362.603432,866.648732,900.1876540000001,1821.111363,2323.572179,2243.495229,1442.6253359999998,1087.066102,726.077483,1854.402778,965.178651,2231.983871,1923.193224,2281.0801770000003,2134.042711,1988.476833,128.717472,1300.096649,1702.118937,2362.885058,808.528886,1558.365269,1583.83442,1884.559579,1723.598847,1933.730645,1150.922842,1415.319246,2126.358863,1206.288457,970.14366,566.842048,1642.745805,1774.229254,831.8025329999999,1633.759862,2044.667928,2137.966345,254.195979,2047.972011
SRR27926935,Mock31,Mock,,3059.071623,5370.803104,3715.749105,14664.787203,3497.130286,14387.225503,6215.741942000001,4497.448791,2138.126116,17713.35826,1269.008749,7965.749217,7500.927221,1371.043645,2470.236443,515.26894,3698.859632,4220.923366999999,1072.102858,2353.555372,5643.289379,6608.26661,6571.831409,4315.244045,1210.107348,4760.963830000001,3447.218957,1950.386057,3438.832577,2870.298609,3395.447109,2649.620142,1535.210474,1437.770028,3069.507478,1641.142391,2780.77494,3707.74063,2591.055672,2221.306578,1877.271983,2354.700741,192.331738,1693.768632,2742.73681,2304.21326,607.888944,3474.658759,301.744942,1139.291232,2491.23934,388.330777,2521.989648,1943.035354,1612.364111,1703.0087110000002,1182.047184,76.45541899999999,3064.49186,1624.2503459999998,2996.950362,863.715935,947.351022,1941.811104,2268.348422,2269.045751,1426.447403,1145.626454,722.648448,1881.750419,1004.546795,2196.6467310000003,1874.087293,2384.877879,1747.481105,2010.304243,123.755703,1256.937109,1680.738233,2202.105173,788.062859,1683.231833,1700.0259500000002,1869.54884,1767.319154,1818.672204,1174.445616,1615.260492,2291.838885,1255.869189,1083.057423,555.953484,1506.8397760000005,1951.037722,889.818118,1777.290492,2027.172702,2108.633077,253.468744,2197.418369
SRR27926936,Mock242,Mock,,5662.777871,257.899092,190.153007,12715.420097,326.179873,11279.360971,2498.320436,115.88094,2007.650814,15067.129798,3095.026872,5633.432635,4412.516322,85.821065,140.546103,64.307476,4830.901845,1963.218873,33.894698,2687.901558,2283.9792420000003,8201.433037,5337.201379,4462.441408,2925.045509,4761.907905,2335.907173,3973.803277,3439.932244,1394.188214,2818.7075,4382.882134,1500.012646,1057.036454,2956.163499,1572.573379,2966.797365,4592.808838,3095.853988,3686.444861,3690.297333,1575.271284,113.660503,802.324776,1472.8384529999998,3341.87444,18.304046,3468.442396,12.193618,4612.01882,1292.84052,310.237766,2619.607323,1554.688636,2240.177387,2662.192376,1197.628884,243.879236,1996.958129,1180.503618,4034.464126,4254.045361,1041.442755,420.792083,1525.367283,832.174161,901.842321,1309.229635,223.667611,1550.009799,350.521788,1349.666153,3965.748417,1141.957689,997.89484,1979.146363,249.088788,1387.175483,755.2763289999999,1001.460053,949.053075,1906.518433,527.537753,1434.230198,823.225173,3364.303634,741.324453,983.16315,2762.184683,669.475103,464.249449,1167.571456,1901.224871,1743.668946,1543.093975,829.674717,1833.426469,2916.281172,124.798911,1824.706755
SRR27926937,Mock241,Mock,,4392.023865,6078.07557,4737.502709,18535.23312,3964.926023,15275.992123,6296.458962999999,6562.874826,3563.873185,14383.076623,1252.006033,9250.510115,6721.962538,1681.453077,4418.504234,364.521687,5137.717751,3478.725485,1671.925123,2222.485878,5611.742577999999,4144.491746000001,6266.308854,2254.119915,1304.09619,3510.355589,3437.6305770000004,1938.31222,3763.326211000001,3091.512028,3528.885413,2343.24373,2307.8849760000003,1523.1524090000005,3016.315955,2015.780452,1978.730853,1223.179502,2309.347657,2181.23818,1837.448962,1787.437366,217.122853,1656.828513,2798.0389090000003,1872.950671,23.405228,3380.217423,385.311934,652.114032,2372.593343,489.876977,2524.474591,2115.241684,1736.343777,1739.838832,1501.678055,90.812278,2109.622481,1905.221997,2190.335003,306.88223100000005,1067.081312,1888.926437,2109.468279,2262.620046,1468.097217,1315.537425,743.602707,1967.954518,1105.598876,2126.484686,2384.168313,2457.319103,1622.565809,2158.590201,128.92115299999998,1258.763469,1889.582064,1391.478719,1084.269513,1646.556652,1278.79202,2033.244413,1747.905456,1394.222758,561.326214,1638.003803,2157.66445,1187.403011,992.259201,623.139866,1249.140876,1820.460846,747.915488,1844.095899,1488.71912,1404.471002,241.660583,1880.804865
SRR27926938,Mock121,Mock,,3120.426347,5421.526942,3489.611971,15222.8189,3234.298999,15001.129585,6059.933945,3226.438391,3245.985837,18809.112895,1442.276559,8056.642327999999,7576.403755,1229.150129,2654.183359,278.045973,4024.472929,3731.482973,915.812457,2430.992027,5432.196413,4904.509532,6566.2465600000005,3230.773584,1220.309114,4058.529556,3450.1663630000003,1942.718896,3307.83772,2720.7456070000003,3371.011145,2705.589357,2928.87812,1497.719007,3228.497412,1671.0392,2232.837143,2798.222011,2502.477124,2126.201465,1683.241165,2063.445588,205.772058,1649.60597,2598.02678,1854.408233,23.452962,2920.880102,255.83749,1130.530191,2374.745884,432.340679,2559.369388,1905.579271,1671.848924,1731.056877,1225.9477379999998,97.989812,2431.12393,1697.395883,2474.665518,751.334215,986.617241,2021.672081,2248.834798,2272.904522,1535.46196,1245.249873,763.204653,1894.953326,896.141647,2192.0540690000003,2215.984846,2337.459652,1961.206505,2079.086185,138.87633499999998,1297.040722,1618.574199,1836.121298,995.594291,1727.433098,1824.954012,1903.621493,1787.079009,1885.242904,895.782432,1580.087546,2370.98571,1271.10318,1084.309757,583.98013,1469.719268,1855.526153,968.836306,1809.119795,1803.243966,1690.116013,228.766124,2094.240666
SRR27926940,MARVBPL2,Mock,,5006.467216,6097.722672,3617.298077,16871.563797,3559.367599,17769.972865,5868.919058,4418.76661,4933.073645,19667.951086,1847.756857,8003.110072,5800.070471,1446.19928,3574.591616,294.505274,4963.638497,3819.793205,1072.034241,2423.552129,4839.837278,5400.423749,6784.505315,3217.827344,1461.268933,3041.212658,3328.005866,2212.771311,3648.512623000001,2700.412764,3597.959973,2826.578251,2174.119848,1523.105125,2869.90673,1753.880602,2572.612887,3045.791149,2370.022317,2540.447044,1584.227057,1694.332789,213.608339,1613.51096,2471.995858,1843.377749,26.836185,3207.633176,251.415044,1286.711973,2050.868997,448.059488,2319.05097,2199.283751,1601.068044,1808.794344,1611.714799,116.249935,2534.626769,1804.667034,2570.08924,508.287924,1056.269264,1876.225372,2355.667131,2176.941358,1496.799678,1463.3242750000002,705.591058,1943.152398,1085.807424,2228.863404,2458.359561,2434.2052269999995,2072.030678,2241.814247,149.039774,1620.862388,1470.96509,1896.435869,1117.180714,1737.829181,2156.992622,2007.156503,1714.70712,1784.901925,814.795992,1530.530534,2354.398886,1310.6020600000002,865.8772570000001,727.3408310000001,1421.7134400000002,1877.483586,926.942378,1722.592942,1206.749298,1815.986678,218.537947,1758.677133
SRR27926941,Mock122,Mock,,1841.83904,6573.761533,4219.695458,16103.472838000002,3741.245848,15387.064748,5243.169387,3894.450627,2413.247819,19592.355957,1441.234119,7944.513173,7044.109796,1368.7908,3104.42217,163.246869,4848.385167,3966.669051,1061.588457,2889.633857,4523.117067,4257.769238,5858.833323,3068.92239,1540.808775,3985.029268,3220.885845,2268.18421,3049.836832,2390.559004,3073.475025,2397.482289,2955.392147,1560.9354050000002,2903.427727,1343.559815,2204.644534,2769.936497,2386.146004,2213.134372,1436.588188,2531.263549,219.445459,1534.947453,2307.193708,1439.147889,22.854265,3122.342094,278.296771,1613.825105,2224.451744,507.512073,2327.116722,1706.286042,1488.25431,1522.763492,1521.69288,101.557476,2259.853176,1624.232456,2130.108714,919.935452,1053.969243,1769.761972,2072.523559,2173.1129650000003,1409.087308,1331.951392,839.323111,1688.466763,1041.396671,2064.200506,1986.94116,2160.417373,2167.082203,1963.000455,151.303124,1355.990472,1380.119548,1615.299888,1119.839473,1558.521079,2218.996721,1796.9635629999998,1639.338843,1912.925905,743.09766,1384.687173,2287.048416,1182.587119,958.590553,715.624418,1457.581889,1550.6186329999998,1302.492304,1533.0621609999998,1710.497002,1552.186812,240.2005,1828.822804
SRR27926942,MARVBPL1,Mock,,3233.710469,7359.209968,4320.121356,18989.284791,4179.895936,18631.415029,5704.965486,5460.47369,5959.6570090000005,21644.350045,1606.370518,7897.278017000001,5704.019612,1340.812518,3424.007732,311.132344,6186.556621,3985.127711,1342.269267,2640.435254,5085.545058000001,4656.962084,6660.501833,2735.13675,1519.800687,2888.921189,3358.743334,2320.878014,3717.246978,2413.224228,3471.9075350000003,3048.212723,2077.148615,1759.290375,2827.864026,1689.543102,2064.747003,2213.394534,2425.516903,2347.7837520000003,1395.074319,1609.545165,241.728871,1631.306088,2524.062515,1681.115812,25.719066,2868.445834,288.531788,1225.960108,2045.011531,477.693865,2289.985037,2034.984385,1521.480459,1788.450918,1854.537089,126.747298,2245.486808,1748.25907,2084.820175,405.916087,1150.100483,1879.124461,2307.760928,2235.184377,1423.335273,1534.085915,686.460096,1891.534876,1237.071686,2167.359744,2243.4130910000003,2416.95302,1864.340248,2229.944057,168.664402,1475.759904,1563.2325000000003,1664.101256,1380.85392,1692.003848,1834.558818,1899.587511,1724.477085,1485.4784250000002,711.731848,1473.193137,2221.484191,1231.492967,869.9623819999999,743.6917219999999,1326.153101,1663.591362,1004.317698,1825.766052,1129.911759,1516.100208,259.686663,1705.474876
SRR27926947,MARV242,MARV,24.0,5064.521922,9003.253878,5085.825542,13551.883592,5275.957324,14188.2948,5357.132248999999,6956.88602,5459.734798,18463.293275,2166.146213,7635.745959,7886.639279,1955.655199,4701.452561,461.398914,3230.568887,2739.9544750000005,1610.306191,2744.317849,4383.852722,2995.2200190000003,6239.708023,1906.163452,2231.783414,4123.21547,3240.264822,2232.760307,3520.129263,2461.218028,3308.380245,2352.272559,2383.19077,1295.322859,2898.833855,1252.071734,1498.799837,1361.975664,2253.481084,2527.912847,1213.261991,2370.954497,337.943362,1558.5005170000002,2555.091849,1149.185546,29.593801,2748.254834,357.545229,925.960159,1932.464801,476.266566,2186.202521,2145.528978,1517.1244,1694.389427,1483.02966,175.233406,1616.575301,1834.050588,1529.624585,919.684158,1220.76877,1918.480479,2385.742218,2192.164698,1544.464985,1165.759365,933.537505,1828.821481,1297.350764,2165.169092,2660.065891,2458.747791,1827.63676,2141.354645,239.844319,1598.961357,1373.847146,971.016878,1434.825977,1745.6029500000002,2212.065121,1920.878017,1654.966991,1516.88537,534.988438,1480.255106,2734.536205,2012.849288,787.628751,795.0712629999999,1690.687046,1812.82277,1135.647134,1683.241483,1592.6547,1064.849882,403.130771,2001.963784
SRR27926948,MARV241,MARV,24.0,3195.920502,5200.899399,2843.619899,13777.236166,2754.09802,15179.289244,5696.001094,3479.5175,17310.056124,17210.535645,1555.676082,8195.625225,8158.142351,1045.449384,2874.189092,245.89913,3982.928169,2916.06461,820.943286,2838.505168,5138.422846,3209.555124,6353.009602,2173.5652,1948.805218,4399.648496,3531.188157,2115.823604,3629.132868,2678.03873,3564.357542,2197.469656,2441.963116,1279.748524,2924.220854,1304.652034,1478.090924,1789.754135,2511.251764,2452.164517,1099.027512,2523.544772,276.754225,1667.944869,2990.222365,1248.70626,28.251603,3124.490911,181.917611,951.710488,2031.776126,403.855933,2390.336086,1872.092357,1558.256618,1851.059066,1458.887851,96.892058,1664.062063,1966.882372,1743.019345,1074.612829,1169.3261730000002,2011.627321,2420.460081,2393.657584,1614.5001739999998,1170.476377,879.9413139999999,1953.896848,1038.60322,2161.817777,2504.400347,2373.0972449999995,1764.853223,2374.538478,171.089688,1381.449762,1576.290254,1157.9461259999998,1071.442787,1563.8690720000002,2089.191345,1995.164684,1875.525405,1615.377828,680.904677,1740.841083,2708.218066,2281.425654,938.595979,785.9604099999999,1747.906361,1938.374219,1135.708445,2113.542931,1727.754787,998.211155,334.06268,2326.279688
SRR27926949,MARV122,MARV,12.0,4796.031397,6742.315616,3727.141607,18376.101222,3724.810479,15765.025061,5849.795161999999,4964.119202,2729.39866,15123.412205,1814.161339,7721.298622,7649.856015,1460.941654,3871.019144,238.485221,3866.715759,4293.937791,1166.926558,2919.580502,4894.997766,3739.268856,6707.337652,2156.633474,1729.399443,4350.32252,3085.392388,2475.68545,3944.17945,2810.353393,3291.024428,3187.6318330000004,2716.456323,1489.874019,2845.124235,1359.043657,1743.080618,1584.761021,2303.877224,2643.806333,1354.515755,2288.109596,249.666883,1710.950738,2506.346584,1359.772218,25.354295,2703.301113,230.728016,1026.632975,2046.297054,483.708213,2318.268061,2347.07776,1595.662523,1963.942402,1354.172434,138.241031,1937.326411,1882.493987,1789.214964,767.867978,1242.47019,1911.348952,2375.786171,2229.949594,1585.027992,1363.169217,820.882054,2004.098304,1070.790172,2238.1913910000003,2448.769314,2634.9035,2030.901613,2262.122191,169.690205,1555.936631,1606.635271,1223.011997,1218.693375,1781.77583,1765.40033,1979.297549,1712.041246,1488.90136,566.924468,1550.559341,2410.064401,1698.924755,822.127783,774.661207,1724.221269,1918.99086,958.518986,1813.443816,1629.516936,1182.371219,271.535992,2073.890684
SRR27926950,MARV121,MARV,12.0,2672.066691,6585.246262,3920.573345,17080.582922,3801.758737,15136.149495,6172.829568,5036.735078,2579.241301,19359.263063,1091.233774,8219.951629,8259.09872,1398.23043,3215.018557,239.479453,3648.143621,3999.308863,1251.806292,2544.911402,5515.961418,2595.827169,6812.826554,1363.35943,1679.27502,3878.253338,3264.5177160000003,2013.230424,3764.854344,2759.644254,3732.08494,2585.524982,2970.132031,1427.360055,3079.850082,1645.052052,894.352951,125.307134,2090.728808,2195.814703,1422.1443,2454.546169,273.954104,1708.143517,2964.47894,1554.727874,14.825005,2916.76885,255.009599,547.485758,2345.920454,478.975798,2432.225065,1737.278246,1655.59973,1739.85919,1263.58703,166.58734500000003,1681.840464,1964.701426,1467.569695,488.968715,1157.635286,2118.5897560000003,2253.215737,2448.471079,1733.0077250000002,1262.351818,766.160477,1877.339583,977.881131,2235.922622,3018.683813,2575.180239,1334.533822,2303.460579,125.148578,1412.515785,1546.0537129999998,956.116117,1214.880727,1653.256871,2421.762983,2038.415079,1945.231231,1381.570569,515.939392,1716.993003,2496.97205,1886.510464,1033.732159,673.615352,1449.0040479999998,1928.898417,1247.525459,2067.023745,1791.478085,870.953521,311.305532,2265.030265
SRR27926952,LASVBPL2,Mock,,3499.758092,6961.486143,3758.804558,21468.784,3562.94576,20462.28199,5945.675937000001,3694.60293,2566.1257250000003,17716.487518,1759.055174,8015.544084999999,5736.499357,1444.778844,3912.601465,651.087357,5532.453578,4389.380506,1108.272483,2837.803269,4854.148509,4170.738723,6225.770724,2892.408973,1740.986891,3208.674751,2956.907133,2301.537469,3346.685093,2468.680496,3055.796403,2604.12355,2389.670638,1749.271472,2717.305749,1442.546272,1836.70063,2786.174407,2184.286141,1945.114513,1373.960263,2163.904235,277.378591,1519.576074,2448.072506,1621.640968,26.439972,2988.90114,248.96204,1626.396143,1984.138139,576.233885,2220.526156,2006.581837,1561.3937569999998,1677.1660060000002,2195.701773,128.800128,2084.826011,1590.153008,2146.038113,704.205984,1316.76741,1604.417532,1924.103548,2008.816395,1392.814484,1777.2529100000002,851.710543,1782.701993,1561.577884,2055.172482,1724.3263920000002,2357.442614,1995.952863,1988.436217,176.76640700000002,1541.711519,1498.579986,1554.981074,1213.827636,1629.918436,1515.912935,1721.880478,1611.494248,1745.185576,810.265027,1435.4733239999998,2132.69544,1230.137671,879.9020459999999,815.824927,1257.8263459999998,1658.589743,941.687726,1740.847802,1193.892246,1458.382411,281.043784,1644.980376
SRR27926953,LASVBPL1,Mock,,3987.633077,8017.419675,4578.049204,20260.505648,4396.823472,21154.758405,5777.762151,4865.58614,2549.659947,18001.113475000002,1642.55434,7246.528142,5418.283941,1770.095089,4034.389561,421.22023,6331.048695,4145.099565,1392.180706,2939.864718,4868.432383,4192.675602,6121.95328,2859.658215,1775.316618,3045.531722,3054.116584,2381.866552,3199.15933,2333.882514,2792.737387,2650.9344290000004,2337.13348,1824.509472,2712.840651,1542.393884,1949.838959,2571.068711,2204.584535,1994.923421,1322.21849,1602.425692,272.67736,1482.06329,2275.792432,1620.205473,25.275121,3024.12718,337.370214,1543.673659,1878.643003,547.652417,2173.403981,2061.823716,1466.465849,1547.4336999999998,2178.074272,132.727834,2111.71033,1458.403474,2097.084552,684.0974,1265.795122,1701.725023,1999.838063,1977.941082,1338.190546,1711.785723,814.001798,1721.365255,1625.478414,2005.813268,2048.132941,2212.834804,1962.82489,2053.009557,185.855291,1499.79247,1541.074365,1551.458799,1368.810436,1564.1047099999998,1478.479338,1671.490306,1568.065845,1607.674505,797.41367,1382.56677,2060.299703,1143.737426,869.801289,819.3532230000001,1228.987065,1655.2381320000002,748.671326,1694.495939,1205.519203,1428.788677,315.301933,1622.344481
SRR27926958,LASV242,LASV,24.0,3565.216205,7004.292168,3981.764868,20941.227888,3755.674005,20746.715853,5965.417227,3953.127749,3701.502225,20192.215488,1975.166787,7888.5135,6303.581143,1639.415083,3879.780059,332.94022,5583.432598,4834.922775,1122.349485,2739.900543,4974.119383,5046.989279,6469.982927,3724.440809,1630.416964,3205.404465,2686.0507320000006,2359.119992,2937.8275200000003,2487.202295,3164.2041480000003,2508.080472,2215.005725,1862.898235,2683.643816,1489.076203,2279.775926,3661.762556,2285.470351,2083.112926,1643.291392,2082.475931,250.690509,1531.160981,2363.315242,1987.378636,34.253166,3085.559455,273.224356,1574.154853,1870.255402,506.71619,2313.7977410000003,1990.374561,1525.651839,1698.749965,2077.97473,110.416253,2246.715336,1556.539912,2348.939392,849.294772,1403.750306,1682.7752759999998,2017.662956,1819.224571,1401.602241,1747.609566,791.682085,1701.171887,1559.219045,2139.573178,1918.222138,2181.393273,1722.344631,2046.773044,165.472882,1655.891174,1401.547268,2046.265871,1063.733431,1605.296684,1899.549846,1744.411483,1429.666845,1754.809642,1002.983529,1426.146292,2126.472015,1070.153931,847.008305,781.101882,1329.437919,1711.89765,823.81197,1655.953079,1196.838931,1684.603866,252.482493,1595.548666
SRR27926959,LASV241,LASV,24.0,5197.05193,6255.879358,3467.847727,20229.758825,3632.310902,20472.764226,5714.326255000001,4131.439867,2779.040498,18814.763342,1592.81934,7550.143077000001,6132.882502,1680.697621,3615.961234,419.793681,5866.161289,4685.523879,1075.062908,2874.664813,4884.638673,5003.752405,5887.696845,3794.155637,1811.956265,3131.113966,2675.390006,2367.571862,2907.091248,2369.4287520000003,3006.272274,2521.577769,2146.891951,1896.474066,2627.503669,1566.729745,2442.709385,3406.108634,2134.737292,2039.871232,1625.670861,1544.3701529999998,269.71101600000003,1493.2647470000002,2321.97786,2007.673296,45.597974,3130.908785,306.136656,1314.743666,1798.467035,497.667245,2298.931607,1823.31989,1483.863577,1602.590458,2073.961609,125.252925,2354.61811,1484.383971,2370.355229,723.6096289999999,1456.398193,1610.658409,1968.072328,1712.48488,1337.446415,1734.193878,826.672895,1647.132687,1737.869333,2044.941231,1912.515514,2019.798317,2049.69973,1934.000981,164.615489,1701.556679,1345.391746,1993.523224,1205.299667,1597.170631,1462.628306,1737.584073,1385.338158,1601.529262,941.065524,1416.388469,1995.997008,1052.876378,864.829842,792.092186,1295.418512,1689.726814,814.596819,1676.17439,1153.456236,1708.840077,285.761387,1513.510354
SRR27926960,LASV122,LASV,12.0,6039.091099,6873.873426,3894.767703,21644.674095,4050.224937,19326.459308,5178.574852,4188.781344,1559.785366,14446.209662,1494.1737420000002,7671.622646000001,5918.837913,1752.617786,3736.092835,378.839134,5374.277913,5341.742548,1241.768099,2926.34473,4508.4322010000005,4092.931856,6198.466391,2774.672841,1869.75528,3467.941472,2916.713118,2605.854233,3549.235312,2581.6072200000003,2974.695247,3009.879437,2618.492129,1858.822434,2572.911146,1177.251445,1799.84225,2523.897162,2182.280275,2188.971049,1275.174503,2173.591041,271.549868,1547.987605,2132.325787,1345.769485,31.457942,2666.782291,312.909498,1704.594435,1959.259325,558.829991,2189.574055,2299.491144,1487.8165150000002,1750.207493,1749.357069,146.421707,1982.052925,1504.5976409999998,1942.724319,891.862952,1277.785744,1547.61379,1848.491006,1865.941728,1330.63707,1673.845919,1015.683395,1800.331365,1532.1880999999998,1947.859491,1692.745937,2421.631057,1747.559342,1937.837754,190.176479,1655.827534,1493.376818,1366.456379,1496.130279,1629.055434,1598.934791,1598.125759,1533.819915,1714.648927,646.788311,1343.738346,2051.793595,1127.907141,752.2976659999999,859.0919349999999,1374.374807,1670.045565,872.146784,1484.7874479999998,1559.202523,1289.416045,320.204066,1750.004937
SRR27926961,LASV121,LASV,12.0,2510.787618,9691.616764,4721.307124,20386.428792,5151.609333,18573.787535,4578.794144,4513.068095,1713.350445,19394.890731,619.64033,6316.647927,5431.766537,1722.678469,4369.134758,247.593331,5290.123637,4839.859445,1384.596822,2841.656273,4176.863231,3069.27356,5340.029635999999,2118.898627,2328.351126,3293.2880760000003,2644.0185330000004,2440.052828,2883.196029,1881.628613,2609.537608,2277.190799,2510.797189,1787.689769,2279.148488,818.457718,1158.334374,1806.928173,1897.81747,1771.38171,901.673761,1394.424569,496.515791,1250.623389,1900.600386,1034.46798,33.139227,2527.245116,373.423682,1474.178655,1888.04483,608.642071,1902.967526,1716.637076,1277.234951,1447.638207,1939.500906,264.45168,1821.062778,1287.248437,1454.319298,660.618935,1243.162652,1437.347805,1688.820077,1744.040375,1165.94086,1671.75068,1021.113134,1426.438175,1909.485693,1749.877529,2448.397394,1997.651619,1429.164942,1768.784776,325.786596,1543.633486,1098.0923369999998,1209.075054,1580.561924,1453.517585,1628.727306,1358.059536,1319.419609,1246.406615,531.70547,1110.552359,1944.687042,976.883556,707.809352,871.584084,1255.804811,1389.251766,971.78945,1385.0598209999998,1470.446685,1127.285183,804.936886,1595.276297
SRR27926962,EBOV242,EBOV,24.0,5901.667983,6666.922169,4196.05658,10993.553515,3891.037324,7479.04983,5870.457234,4145.390405,1467.0583290000002,8068.946017,2461.348593,8642.428891,5486.75273,1951.462922,2642.872097,1153.002192,3073.049337,4044.69926,1329.237105,1639.937988,3810.168956,6210.013425,4527.96273,5485.843812,1483.215807,4150.449086,2290.432667,1844.91219,3361.191632,2315.19417,3664.666704,1623.333967,2865.810668,709.7278839999999,2694.928618,4712.044739,3504.727886,2138.754757,2502.27494,2199.0539790000003,3706.244233,1639.831662,207.114841,1505.672948,1869.030985,2194.303138,41.572258,1809.599032,375.676467,1284.693729,1324.018506,449.678846,2358.507715,1809.609135,1399.456897,1530.904113,1358.672961,98.634985,3617.557292,1305.678198,3403.831872,4384.233098,696.542086,1393.889265,1556.936832,1837.879895,1121.316496,499.987049,2231.318725,1586.966051,602.444496,2081.693468,3930.649682,2074.211229,1786.302598,1875.770807,167.806214,1177.857761,1426.111184,975.835693,1663.263625,1283.214293,1397.603835,1631.246559,1598.6538220000002,1628.310677,1614.447801,1277.6949100000002,1573.304426,501.130196,661.119677,636.250853,1113.907363,1647.626357,831.790494,1404.751767,2022.434395,2339.578917,285.760232,1859.520607
SRR27926963,H5N1BPL2,Mock,,6267.713902,4976.005862,3331.311624,14819.76307,3258.326876,13973.498004,5051.799726,3959.328761,3726.734778,11489.378127,1243.905195,8675.013345000001,4765.170022,1384.555565,2433.332221,238.398684,5073.030118,2848.936946,1055.396388,1978.514715,4490.434902,5983.666624,5409.71042,4057.853696,1432.2215720000002,3578.58195,3364.8217090000003,1867.292767,3423.1945,2696.077283,3577.911087,2607.057058,1398.842733,1296.546237,2741.142198,1575.818347,2565.015322,4027.82311,2283.5237460000003,2275.770119,1905.923604,2015.064202,245.957274,1475.494965,2256.696257,2086.913159,25.618106,3390.352703,275.185827,1283.576012,2091.53351,420.691043,2402.938487,2101.086271,1571.771057,1777.091162,1497.278369,114.718373,2393.458144,1568.8440910000002,2899.541397,750.094778,835.1886969999999,1496.636676,1769.770501,1904.630853,1235.87806,1269.325694,533.097333,1832.822453,1162.924495,1864.30598,2276.062678,2167.38396,1993.550781,1888.957926,175.575688,1034.8425,1476.002517,1728.231442,1331.554143,1390.230469,1525.980223,1866.880688,1587.0871189999998,2027.379544,914.741371,1361.331719,1808.188224,1175.714024,834.822302,619.139575,1258.274223,1660.681193,717.964569,1438.362339,1286.639946,1934.450944,252.24841,1704.551445
SRR27926964,H5N1BPL1,Mock,,7450.802768,7972.801567,5054.86026,15728.626898,4422.958731,15338.094155,6033.156291,5906.283075,4682.395689,17092.504504,1674.2145120000002,7884.916031,5763.07245,1794.128116,3615.241692,484.386154,5473.719856000001,2953.5940450000003,1629.304339,2236.670272,5041.11028,5651.546799000001,6445.116562,3699.793847,1470.92133,3243.524121,3517.746484,2010.122775,3641.664094,2713.936247,3404.966633,3045.191718,1874.39227,1440.2535060000002,3150.356947,1829.117436,2459.807077,3432.595862,2380.4944290000003,2464.757314,1883.306956,2036.293867,254.503085,1666.670891,2174.359897,2107.507002,22.429303,3149.493117,377.357084,1274.43759,2147.061321,391.768391,2457.762645,2219.143747,1543.451688,1848.452063,1447.419778,104.633847,2483.399812,1743.5372770000004,2762.270598,644.365732,816.936831,1908.9131,2180.629502,2330.5836360000003,1458.123616,1242.9173830000002,570.553028,1997.69396,1165.538713,2194.475525,1798.046727,2447.826551,2318.084376,2205.269522,180.072711,999.742471,1615.478001,1945.654109,965.695939,1676.6538570000002,1671.781738,1967.229528,1737.485174,2047.913857,1038.045293,1591.351532,2286.494494,1186.090413,900.742274,606.746978,1367.7519530000002,1837.190832,954.879474,1798.032652,1264.628654,1925.608248,309.284994,1929.338295
SRR27926969,H5N1242,H5N1,24.0,11120.654671,12614.745179,12975.244701,10287.952789,15909.396116,15391.62139,7866.863093999999,7607.954335,2298.055432,13188.627954,4215.33818,12038.169901,10982.058085,7592.552052,4051.60814,3874.298078,3020.173947,2221.68185,3536.692228,2820.245424,4572.229116,2128.424841,7044.2397980000005,4321.25843,1044.004454,4275.885314,5945.252223,2202.980828,6023.017386,5487.978177,4182.26269,2931.524865,565.129334,1972.850382,3677.280529,1506.190799,2001.833992,2749.972369,3987.682756,4301.669894,987.065944,1687.398203,606.772693,3416.205491,2360.733323,550.813694,81.252442,3538.429303,1971.843673,2055.5603920000003,3096.882965,420.386402,3239.27851,3510.352926,2763.804425,3488.122224,1016.433049,351.41847700000005,2069.270654,3130.479633,2214.573401,516.19155,540.939702,2769.671072,2538.281372,3095.769635,2351.312485,382.893579,497.733106,3441.651505,320.507408,3580.221687,1960.863794,3772.613317,2479.650492,2315.108691,168.964087,600.934929,3060.156979,342.29992,323.65265,1436.6835660000002,2334.708624,2522.541103,2430.244116,2613.6861040000003,320.814526,2318.16497,1872.841145,1267.848594,901.472088,546.466328,2151.736871,2294.872612,737.982767,2421.226222,1651.737457,798.641752,1132.290965,1336.313164
SRR27926970,H5N1241,H5N1,24.0,19392.872787,22146.521793,25113.382521,10439.643202,24504.969219,15969.439042,9454.305695,19758.355389,9709.478565,20025.927131,5930.237322999999,9652.769119,11851.116242,13146.576706,8294.554925,8865.8985,2373.518016,2124.277248,7598.698003,2448.931706,4901.439393,1873.021665,8688.826249,3224.305284,688.7747830000001,3438.070646,5505.827389,2084.146726,6165.081759000001,5504.198028000001,4125.682189,3667.65334,373.477927,1840.79141,4037.26049,1183.713403,1648.719901,1995.675238,4246.381737,4655.02012,720.99683,1934.334866,399.88964,3480.95784,2392.444175,435.356396,75.96832,3527.8861810000003,3563.748717,1951.041629,2749.572457,313.610721,3081.38971,3798.584292,2459.720768,3551.0039780000006,792.919137,599.4056899999999,1870.923094,3056.139352,1591.59633,544.303454,461.350989,3456.157394,3016.897356,3735.81826,2796.645804,307.43226100000004,365.312359,3380.898077,160.320327,3980.506858,2221.12199,4427.244903999999,3534.586347,2647.284824,97.692297,616.137035,3057.065856,264.129022,310.24513,1781.544974,2916.268075,2701.131885,2585.2247610000004,2637.049766,295.206911,2461.110264,1842.078323,1203.065795,1054.796394,426.366642,1912.805422,2800.148144,767.057082,2885.7610010000003,1115.766209,707.294027,642.613234,990.310084
SRR27926971,H5N1121,H5N1,12.0,22578.221006,24030.445256,18556.442968,12364.112625,16915.302226,15798.896191,5700.377178,18151.158622,10575.234943,14270.075247,4625.7119760000005,8274.425506,9516.664227,7130.211178,9515.0127,3937.491138,2816.037578,2949.898395,5014.013575,2633.773225,4443.706671,2617.917097,6153.1137770000005,2762.318891,1136.30505,3504.337808,3790.774281,1841.943911,3858.595632,3088.416897,2955.759399,2319.992134,572.030293,1442.620446,2956.925489,1065.585569,1664.219876,2105.927524,2738.176693,2974.529772,743.268793,2444.100939,589.4389259999999,2395.706004,2325.545514,829.054118,61.773292,2919.395575,1662.264805,1759.082718,2909.7447540000003,331.015438,2643.3919180000003,3017.638593,2170.094453,2463.05429,977.472627,558.029349,2084.98855,2686.809821,1723.793629,514.479449,804.7608270000001,2163.017737,2125.958259,2301.627671,1711.421363,514.300349,473.516133,2164.8702040000003,421.923227,2529.278597,1675.253869,2526.77771,2042.931722,1912.347034,186.783997,799.134494,1867.734425,375.375703,382.529797,1339.987535,1871.252642,2186.747759,1798.032862,1591.694341,356.937466,1750.112628,1772.46442,1084.138043,865.832142,518.700118,1559.5151159999998,1622.85641,847.574341,1914.564771,1393.78921,791.980207,1081.428301,1363.929208
SRR27926972,EBOV241,EBOV,24.0,3451.516554,7065.376252,4896.735696,10695.32009,4111.355576,7004.530524,6310.855216000001,4888.967239,2675.405575,7245.058137,1861.426017,7990.095592,4054.280254,1700.51196,3298.691682,481.336726,3217.370986,3924.794668,1554.760705,1328.521185,3701.099598,4852.470448,4303.638461,5351.298676,1574.756473,3593.160444,1866.569876,1767.3952829999998,3401.656974,2264.9051520000003,3521.457762,1822.985074,2922.964189,635.4582369999999,2699.876792,4301.630981,3950.848225,1772.540698,2404.655773,2090.7001410000003,3804.99194,994.113956,267.338381,1528.509141,1740.953129,2020.084779,33.182519,1470.0914,367.304241,1025.6250599999998,1036.332631,579.594801,2280.90234,1894.874236,1356.882512,1498.555084,1332.180103,131.47382399999998,3228.913799,1410.584465,3227.372216,2905.158965,658.012088,1490.1838349999998,1526.3558930000002,1781.778556,1149.157125,555.08704,1523.956399,1695.987746,599.482394,1976.948061,4061.599498,2332.320531,1503.842915,1714.7120530000002,197.639436,950.524733,1597.781235,872.243313,1773.842873,1286.301303,989.637948,1729.007041,1518.555916,1379.450826,1496.368149,1323.701032,1224.586612,414.961926,548.2251980000001,548.803145,920.824428,1527.7403310000002,734.597749,1427.106243,1860.452014,2013.120674,382.290604,1623.548602
SRR27926973,H1N1BPL2,Mock,,15089.447133,5381.376393,3561.212985,14659.977567999998,3451.564868,13532.720604,4978.007669,4055.478313,3612.03331,11021.25939,1302.260728,8299.743344999999,4649.007601,1508.255295,2432.850013,478.914851,4798.880688,2815.49193,1081.713342,1773.766222,4454.813613,6758.305806,5248.554615,4226.867757,1457.924707,3588.415554,3219.3281730000003,1839.108592,3509.022033,2827.97245,3413.524757,2478.957826,1438.782829,1168.273274,2749.100296,1613.735736,2898.971441,4240.691507,2190.070898,2294.088467,1916.73686,1385.952106,257.838151,1514.2445140000002,2171.80542,2024.96223,29.431667,3350.867244,283.033913,1145.142953,2006.145938,423.563234,2338.14269,2228.7412360000003,1559.533231,1889.625418,1439.301873,121.142867,2488.838564,1654.641101,3054.567475,718.276805,813.2630219999999,1490.34661,1806.477504,1936.152918,1229.897328,1271.9947080000002,516.304135,1913.722767,1410.229937,1917.926319,1878.28527,2283.072449,2095.919573,1831.861984,195.175964,1026.650355,1431.869508,1815.328619,1320.599833,1527.1386900000002,1399.453949,1767.257881,1599.4042880000002,1975.047539,965.700258,1416.088311,1780.403107,1142.760986,754.512248,651.435709,1282.0685179999998,1656.58635,568.441493,1418.062152,1350.035826,2065.295728,288.450981,1683.883471
SRR27926974,H5N1122,H5N1,12.0,11575.613854,19020.026251,14216.249582,14535.046039,13056.826171,13465.829772,6422.165617999999,14001.308458,10231.901169,12562.317176,4205.268069,10011.478252,7992.371835,5501.16215,7229.592356,1914.391037,3443.747127,3253.178525,4320.120566,2410.795161,4769.938807,3293.893418,6013.817005,4218.743587,1020.705729,4048.821375,4120.81762,2000.609345,4905.609422,4265.275352000001,3496.625738,2205.32928,812.3726310000001,1460.607523,3538.874354,1554.249184,2447.901671,3124.799998,3495.813649,3187.373427,1087.210814,2621.532906,505.887575,2441.150161,2666.3872770000003,1138.734374,46.411186,3442.344791,1357.456074,1885.176849,2724.9326,273.874789,2732.1541110000003,3206.035249,2079.218781,2701.557094,1084.99056,389.495579,2386.854314,2618.925855,2277.178427,577.9439980000001,910.277403,2232.333127,2112.911576,2324.126994,1750.106244,689.902543,388.195895,2509.930542,460.651026,2726.129512,1917.122622,3034.214008,2322.263822,1974.08844,183.435897,793.236272,2295.182571,582.8486439999999,435.493203,1496.302385,1482.088927,2297.818835,2127.157517,1848.576727,445.559828,1737.222932,1736.457446,1201.821102,879.742733,580.069654,1650.817457,2014.077233,698.2251180000001,2085.390833,1456.086304,1147.225205,1015.605399,1490.412231
SRR27926975,H1N1BPL1,Mock,,6598.37185,5213.098944,3079.101762,16863.155567,3466.010944,16394.541882,3352.750037,3739.549309,4992.209468999999,15103.456806,1400.539746,6870.595625,4551.308653,1230.7642,1767.007996,255.277064,5989.054548,2944.305229,885.997115,1545.415192,3977.578381,4018.285302,5418.863517,2261.872068,2343.779616,3391.50791,2804.617553,2051.33996,2729.926769,1634.9849230000002,3466.213572,2246.533054,1839.885,1345.843654,2666.104879,1242.934064,1560.281316,2379.513992,1885.071107,2432.11835,1524.670021,2027.964432,299.418814,1122.599537,1931.432728,1812.686461,28.407519,5542.219272,248.217661,1442.55634,1840.660668,442.433383,2242.884661,1780.883912,1353.532822,1523.235709,1530.918407,299.080606,1648.691143,1317.596213,2129.565143,1508.370175,979.547351,1079.648707,1315.506526,1385.6966659999998,1058.067074,1272.853573,625.188715,1587.737985,1168.31154,1466.262978,3265.453961,1525.168095,942.454291,1806.009056,293.91418500000003,1539.6992,886.116845,1143.458984,1421.488892,1087.812527,1796.382909,1673.807264,1109.55575,1920.80072,610.580333,1490.412067,2337.914254,1094.796075,667.131201,883.817267,1399.779652,1425.509354,1399.059624,1134.466666,1090.591585,1912.543999,381.682853,1288.412245
SRR27926979,H1N1242,H1N1,24.0,9004.131398,34409.409423,26726.397891,324.138834,28224.968693,281.226825,18494.201808,12797.324821,13420.595246,7082.773751,12691.766313,1240.24923,1930.459928,6209.23454,10232.42835,2372.55781,91.231415,212.518271,4657.327001,216.080022,321.812415,1440.387075,3001.968484,1101.517951,115.573542,666.054879,770.017954,55.6759,2462.204061,1858.456228,1150.055588,3443.53245,459.185321,35.417717,1241.028802,1495.507093,1461.353049,769.659821,972.69126,841.588131,784.21419,1235.578097,3105.230949,3062.07416,442.525513,2245.457297,232.88018,2306.204289,1844.545021,105.631404,430.064067,3836.132653,875.1329059999999,2323.648496,297.37172300000003,475.081241,33.319053000000004,2966.479728,659.396249,581.728979,957.689248,1509.9942580000002,189.174242,786.416267,432.809886,977.62416,1993.482921,33.407556,1460.76796,1781.448911,30.414634,1326.052496,1756.46782,1419.015291,0.0,592.737698,2351.126063,816.228913,1653.074698,262.629328,1221.152147,2103.333247,1493.4949540000002,795.968408,505.01163,434.691532,1084.357749,873.1518940000001,966.234384,150.101209,122.012585,79.540363,320.429462,581.88273,235.260544,773.015294,1011.710097,816.543209,1793.057842,425.574161
SRR27926980,H1N1241,H1N1,24.0,56055.275059,35648.429524,34052.260397,503.33575900000005,31121.418051,464.582926,18783.670151,23656.759054,22292.176427,10439.811744,13618.545341,1157.653503,1923.92814,9173.730792,12268.986433,13111.514754,132.85353,296.9172,8413.203202,189.316233,474.440134,1761.179428,2587.679235,1215.562393,103.499796,539.318488,830.260483,91.897628,2749.417337,1882.293844,816.445352,4792.371195,477.266914,79.695225,948.416809,1940.049364,1748.646079,806.790553,993.995974,831.53993,839.727964,1582.728087,2469.065627,2581.020563,420.153282,2358.757699,185.882658,2834.112279,3117.091499,117.604225,397.299932,2585.405292,702.111462,2168.860162,271.007123,538.549858,39.368554,2359.147471,732.876596,522.012578,907.658832,1553.495916,190.41992,876.318885,453.861193,806.9704,2237.199415,46.888357,1017.809251,1777.35214,24.392494,1437.851714,1049.9331,1660.567052,629.88548,521.175183,1650.509605,669.266715,1641.402366,289.14963,1053.851007,2047.026866,2791.033901,763.276722,523.759321,425.198022,848.588334,830.889139,1122.743861,205.656448,113.560364,95.304991,306.648366,661.822032,206.303286,872.43211,972.523946,817.343039,1566.2483269999998,492.380296
SRR27926981,H1N1122,H1N1,12.0,16160.296141,24805.886693,14129.760551,467.76574,14117.874605,487.348818,19771.754009,11246.736385,10619.899677,18690.293338,7437.176111,1282.981431,3273.373958,5217.07267,8035.347542,2393.423918,102.108536,1123.245564,3939.150306,302.738737,970.720398,6213.499191,5103.350095,3993.958501,174.062151,1068.101903,1699.486409,102.530509,4594.217122000001,3754.296838,1013.470124,5560.661393,970.69868,164.511251,1222.320823,3624.600464,4819.630654,2359.271683,2396.340802,1969.3473770000005,2699.985886,2926.1986,2382.1476,3484.850601,722.376224,3783.980279,591.834216,2243.446671,1170.759854,135.71196300000005,570.429839,1958.854041,523.395973,3655.02902,486.238261,982.51174,63.487667,1863.775343,2381.140584,757.801883,3782.463053,1987.658697,203.424399,1429.514911,931.085828,1013.829256,2914.435827,54.368869,1179.489685,3039.6045440000003,61.766441,2781.34283,758.648061,2664.205449,1485.338723,565.862137,1735.299884,506.070402,2594.639671,905.58237,1142.631691,3084.7339150000003,2124.428907,1444.340838,981.700713,861.387169,2467.312704,1169.766767,2312.518754,549.92286,290.41092,76.652353,477.743052,1307.521617,318.346875,1664.232862,784.152043,2027.735197,1472.604324,1053.821763
SRR27926983,SFSVBPL2,Mock,,2216.851099,6908.824435,3878.452431,21944.792163,3941.766108,22795.311662,5509.184584,3916.178247,1292.381985,20626.537737,1631.080008,7566.638311,5458.462063,1543.030623,3441.658672,209.587495,6178.705396,5212.235489,1112.135373,3130.330705,4713.230921,4070.784602,6522.496229,2692.20409,1611.268829,2981.12501,2805.779231,2485.279266,3921.578997,2476.652364,3036.89625,2705.858074,2300.9382,2168.392201,2575.722998,1423.354378,1693.185003,2426.647707,2089.667153,2186.478022,1337.180169,1886.395358,268.086862,1548.829444,2342.188233,1520.874184,26.809497,2722.596693,305.299797,1631.461414,1845.187002,585.262763,2089.579253,2365.04394,1482.035356,1666.376713,2031.718441,155.171039,2007.391515,1571.068623,1949.508561,623.38984,1381.910316,1591.713174,1947.070418,2093.68701,1352.712107,1766.126509,880.668215,1773.2875399999998,1639.124594,2009.330617,1760.577393,2453.3955040000005,1531.964047,2055.1066,163.579611,1536.469542,1769.6391870000002,1440.107219,1320.647924,1644.658307,1567.687473,1714.6868100000002,1665.773673,1744.191535,711.309146,1480.011211,2185.308959,1077.983275,861.90297,800.453583,1222.409973,1692.26752,930.159451,1743.559512,1293.557652,1280.342297,311.594129,1618.901978
SRR27926984,SFSVBPL1,Mock,,3203.435063,9412.16915,4938.661391,19830.978754,5513.425593,20832.305661,6114.174033,6223.104194,2562.84432,20655.306918,1770.288953,7068.068489,5109.886618,1829.550383,4005.040608,463.70626,5871.573303,5118.603419,1582.988478,3207.310108,4920.815864,3505.001568,6306.174222,2399.080257,1561.514706,2915.313743,2914.4969730000003,2508.369763,3312.979256,2402.70984,2992.63919,3175.691495,1955.207694,2377.242593,2821.766579,1415.959969,1563.895533,2201.16295,2057.28457,2081.326442,1136.347156,1894.087195,271.251322,1623.863176,2292.942879,1417.125823,29.354078,3032.503924,403.809025,1676.039642,1853.93916,470.123442,2154.613265,1959.092626,1426.791858,1646.529231,2171.507039,137.04139500000002,1915.087782,1528.1808660000002,1849.271039,672.887726,1354.9966880000002,1694.278328,2029.382835,2043.416468,1272.600643,1941.852128,852.518033,1732.162097,1346.399599,2051.106562,1813.735463,2283.141637,1974.867832,2145.303849,182.850916,1565.029722,1678.808806,1330.149432,1333.561387,1669.075733,1643.303133,1738.418046,1612.435838,1665.26229,637.169067,1442.9245959999998,2378.899853,1062.527403,858.816494,794.959342,1327.627286,1707.242312,1021.626514,1692.499221,1167.882009,1211.190409,299.30843600000003,1718.091012
SRR27926988,SFSV242,SFSV,24.0,5038.033916,9101.892901,6106.973978,4700.481085,5773.148147,9299.11837,5069.032461,4615.589445,3388.8994230000003,6166.606938,3675.639253,3338.617592,3234.048869,2429.103124,4238.843951,1148.21174,1437.46574,2213.654568,1580.436262,1219.337257,1665.216933,5918.302818,5861.0151,5285.220459,1301.221277,1206.973907,1044.440766,842.925839,2430.676926,1956.281559,2078.221355,1142.910962,965.454256,611.632288,1174.704797,1499.638639,1810.126652,2260.716028,1459.500718,1468.478118,2920.268916,669.063508,800.642769,1199.90471,1330.59499,1536.891849,48.191689,1772.059877,537.153115,627.39798,661.8011779999999,888.163806,1700.826949,1395.952355,1612.565367,1005.072933,1203.403242,272.631323,1400.548835,1122.546964,1781.179997,630.6467580000001,666.042189,1223.955494,966.884398,1370.275492,1082.969569,862.2300349999999,1087.76843,1127.314152,535.7534880000001,1315.481314,2282.512146,1845.094213,919.303398,1236.174842,430.558795,842.727833,1036.932246,1341.559835,1570.540303,974.500607,889.823651,1327.215976,813.106183,1536.432381,1610.76771,1313.871032,983.096202,367.127385,1232.216048,280.08941300000004,442.1566360000001,1563.622937,561.975599,797.639316,463.420264,1428.001944,782.259842,940.633301
SRR27926989,SFSV241,SFSV,24.0,4851.528284,12958.800459,8346.236721,3200.7955,7818.350108,7110.422877000001,5518.160485,8571.957973,2093.363574,4317.518264,3460.674299,2499.125124,2766.830254,2686.822507,5672.818626,1159.916248,972.614248,1847.283299,2448.127606,1055.094883,1409.83395,4608.637553,5828.441183,4441.321239,1124.213693,1052.501619,912.422518,693.2032919999999,1910.055017,1736.104041,1843.410605,1069.295229,817.730777,448.439622,1160.7752,1256.031077,1376.543826,1586.306017,1425.4878700000002,1240.510927,2353.609676,639.436566,720.109944,1145.476447,1246.702509,1426.100834,50.178406,2063.685342,662.922619,464.212764,571.34401,908.577896,1482.931322,1022.775318,1426.844836,891.987899,1108.472282,345.443142,1310.240036,1042.949119,1306.62539,741.209993,605.279913,1367.415762,945.711696,1315.214265,996.440131,777.397075,1082.49902,1040.137708,316.851696,1229.360994,2240.896435,1731.052679,1092.754443,1233.794284,361.695759,835.785979,829.613583,1176.226574,1998.982732,999.443464,958.222166,1235.372033,767.1328470000001,1386.958709,1293.237869,1271.262507,911.80708,289.94234900000004,1160.388337,220.970144,380.992122,1525.892237,571.963716,717.191302,371.188776,1244.318456,718.294858,903.079163
SRR27926991,SFSV122,SFSV,12.0,5924.490457,8539.601416,5011.120333,11372.645741,5047.253664,16730.361356,6125.025712000001,6748.546515,1530.673504,10090.611179,1998.250195,5427.062604,6002.944253,2076.818678,4664.989212,345.289953,3362.027839,4498.385167,1701.631744,2244.947512,3173.121151,4174.858840999999,6698.630426000001,3612.660967,1657.144533,2501.919465,2251.470902,1854.337364,3146.306121,2532.509558,2503.640095,2604.880122,1943.523601,1645.524292,1992.356504,1232.379823,1608.492012,2054.742436,2438.0371090000003,1976.659829,1749.436949,1154.191941,374.310988,1477.008181,2103.72712,1204.615723,32.224078,2330.811501,436.065064,1391.156951,1407.747367,707.47023,2272.525625,2103.937903,1744.123251,1683.974262,1551.237706,188.92267,1670.927471,1480.050726,1638.356982,703.095024,1165.654723,1532.115397,1514.124877,1799.6852299999998,1547.980442,1516.260769,1096.620955,1646.007884,854.3975350000001,1782.75538,2332.590963,2080.942914,1905.842402,1832.21061,208.392253,1516.9082,1469.158713,1417.264939,1259.4106900000002,1384.343089,1342.239004,1613.368462,1287.111889,1708.281778,879.247191,1358.03054,1760.76209,714.976394,1111.544942,545.88293,979.490674,1889.836947,731.750547,1284.704625,959.428774,1227.967151,337.729597,1365.739248
SRR27926992,H1N1121,H1N1,12.0,30846.875029,30408.796542,17936.559231,736.891581,16108.770703,901.621046,19054.735443,17178.73375,13839.003951,22427.278561,7719.428025,1362.707337,3192.459577,6478.161707,11607.175374,3325.008703,225.878318,923.318937,5244.629664,422.043297,1004.9243,4942.804833,4998.237059,3009.645747,236.179978,906.86507,1666.4861509999998,152.827155,4628.823603,3176.667369,1185.672799,5745.810579,797.319219,160.466778,925.19145,3337.304682,3807.598269,1800.034739,2219.892927,1959.257465,2068.180028,3379.175374,2347.198225,3395.662225,749.886607,3188.890403,134.219572,1938.58824,1359.728907,154.749105,505.231136,1989.797575,628.151373,3382.342444,434.124403,909.980168,65.44569200000001,1471.369743,1834.312276,705.798278,3102.880733,1279.47499,248.009279,1375.565065,910.664623,1061.41985,3029.3654920000004,82.800035,1237.9758339999998,2700.770851,44.452893,2589.6044,1023.533874,2449.566818,1195.239971,696.885352,1457.080759,491.192862,2662.583589,781.427729,1104.3398029999998,3283.0763170000005,2379.116826,1438.0116910000002,869.1706670000001,918.241827,2067.408978,1209.320194,2209.164392,504.903109,271.773996,91.183103,455.326829,1129.446406,365.499999,1596.449194,871.555353,1647.156347,1566.209172,939.502064
SRR27926993,EBOV122,EBOV,12.0,6070.229068,7277.422436,4622.865932,18034.573434,4206.959469,14325.827613,5995.705851,3487.699286,2174.204398,14951.258313,2013.935049,8835.181689000001,6612.995525,1483.44985,3436.472706,373.335075,3975.581536,3559.472374,1127.626823,2762.0543540000003,4657.478817,3772.989989,6245.619527000001,2735.927989,1676.338822,3695.541796,2882.2654610000004,2506.771021,3601.753247,2709.275406,3518.663237,2912.915858,1840.507159,1401.234137,2929.264022,1384.03348,1685.555447,1863.073786,2398.549144,2374.584383,1379.812569,2618.294465,276.768271,1658.799887,2290.702534,1249.487773,20.359279,3193.296093,308.164695,1645.967171,1764.603016,455.35568,2430.46561,2222.432612,1512.681195,1772.457691,1552.272081,140.758308,1777.588248,1686.93609,1815.116173,1476.870294,1038.812153,1697.794998,1884.576202,2130.760715,1607.406108,1036.617458,930.275492,1966.611994,1182.528397,2093.991626,2041.927136,2578.944426,1934.427838,2207.4389530000003,179.389819,1273.957207,1606.752036,1093.331635,1179.319155,1585.211918,1745.51352,1819.074286,1763.498197,1924.740116,759.560505,1464.160988,2357.263385,1324.097872,797.9731,793.021696,1458.033421,1718.666135,1157.8096329999998,1754.782597,1576.167779,1236.469924,330.857522,1869.452789
SRR27926994,EBOV121,EBOV,12.0,3674.041122,6225.714825,4122.556989,17688.017488999998,3828.625046,14048.961641,5818.094993,5324.049314,2687.90179,11871.022427,1568.301136,8194.861999,6400.811981,1257.7627,4297.045491,339.288217,4426.380361,4323.902925,1404.512905,2118.046088,4988.959068,5731.236721,5886.218672999999,4538.627684,1469.994796,4061.461833,3176.020723,2103.620806,3719.036944,2745.21958,3251.683821,2696.541653,2429.7333590000003,1363.6751000000002,2894.4192900000003,1757.782338,2818.229779,2711.72361,2478.6326670000003,2113.774942,2071.607317,1983.019223,244.995826,1574.872453,2384.268335,1464.466859,23.730473,2687.202258,265.761029,1177.727461,2167.142168,492.880999,2411.467242,2073.734949,1585.211672,1705.249686,1246.048995,122.645307,2729.83722,1648.9387,2821.468546,877.242054,1100.262849,1637.398677,1901.785452,1962.258943,1303.4330140000002,1222.101185,742.671516,1819.770214,1084.685811,2038.933335,1868.270319,2438.814174,1819.204869,1879.921388,161.102126,1217.942214,1595.204573,1450.6995969999998,1217.381811,1638.260327,1076.060603,1785.667864,1654.665321,1633.841384,1143.172039,1405.996063,1834.613309,1108.824953,850.468025,632.020308,1369.762524,1759.727789,673.5401899999999,1615.80677,1646.412954,1934.688675,296.126808,1806.098151
